Mehele, Sidingba, à¤¤à¤¾à¤ªà¥?à¤²à¥‡à¤œà¥?à¤™, à¤•à¥‹à¤¶à¥€ à¤ªà¥?à¤°à¤¦à¥‡à¤¶, à¤¨à¥‡à¤ªà¤¾à¤²
å¤§èˆ¹æ¸¡å¸‚, å²©æ‰‹çœŒ, æ—¥æœ¬
La Ligua, Provincia de Petorca, RegiÃ³n de ValparaÃ­so, Chile
Î“Î±Î»Î±Î¾Î¯Î´Î¹, Î”Î·Î¼Î¿Ï„Î¹ÎºÎ® Î•Î½ÏŒÏ„Î·Ï„Î± Î“Î±Î»Î±Î¾Î¹Î´Î¯Î¿Ï…, Î”Î®Î¼Î¿Ï‚ Î”ÎµÎ»Ï†ÏŽÎ½, Î ÎµÏ?Î¹Ï†ÎµÏ?ÎµÎ¹Î±ÎºÎ® Î•Î½ÏŒÏ„Î·Ï„Î± Î¦Ï‰ÎºÎ¯Î´Î±Ï‚, Î ÎµÏ?Î¹Ï†Î­Ï?ÎµÎ¹Î± Î£Ï„ÎµÏ?ÎµÎ¬Ï‚ Î•Î»Î»Î¬Î´Î¿Ï‚, Î‘Ï€Î¿ÎºÎµÎ½Ï„Ï?Ï‰Î¼Î­Î½Î· Î”Î¹Î¿Î¯ÎºÎ·ÏƒÎ· Î˜ÎµÏƒÏƒÎ±Î»Î¯Î±Ï‚ - Î£Ï„ÎµÏ?ÎµÎ¬Ï‚ Î•Î»Î»Î¬Î´Î¿Ï‚, Î•Î»Î»Î¬Ï‚
Surigao del Norte, Caraga, Philippines
ä¸‰å?‚ç”º, å¸¸ç·?å¸‚, èŒ¨åŸŽçœŒ, 300-2706, æ—¥æœ¬
Observation Tower, ç„¼æ´¥å¤§äº•å·?ç·š, çŸ³æ´¥æ¸¯ç”º, ç„¼æ´¥å¸‚, é?™å²¡çœŒ, 425-0052, æ—¥æœ¬
Marine View Drive, North East, Tacoma, Pierce County, Washington, 98418, United States
Ø¯Ù‡Ø³ØªØ§Ù† Ø·Ø§Ø±Ù…, Ø¨Ø®Ø´ Ù…Ø±Ú©Ø²ÛŒ Ø´Ù‡Ø±Ø³ØªØ§Ù† Ø­Ø§Ø¬ÛŒ Ø¢Ø¨Ø§Ø¯, Ø´Ù‡Ø±Ø³ØªØ§Ù† Ø­Ø§Ø¬ÛŒ Ø¢Ø¨Ø§Ø¯, Ø§Ø³ØªØ§Ù† Ù‡Ø±Ù…Ø²Ú¯Ø§Ù†, Ø§ÛŒØ±Ø§Ù†
Casunogan, Mati, Davao Oriental, Davao Region, 8200, Philippines
Î”ÎµÏƒÏ†Î¯Î½Î±, Î”Î·Î¼Î¿Ï„Î¹ÎºÎ® Î•Î½ÏŒÏ„Î·Ï„Î± Î”ÎµÏƒÏ†Î¯Î½Î±Ï‚, Î”Î®Î¼Î¿Ï‚ Î”ÎµÎ»Ï†ÏŽÎ½, Î ÎµÏ?Î¹Ï†ÎµÏ?ÎµÎ¹Î±ÎºÎ® Î•Î½ÏŒÏ„Î·Ï„Î± Î¦Ï‰ÎºÎ¯Î´Î±Ï‚, Î ÎµÏ?Î¹Ï†Î­Ï?ÎµÎ¹Î± Î£Ï„ÎµÏ?ÎµÎ¬Ï‚ Î•Î»Î»Î¬Î´Î¿Ï‚, Î‘Ï€Î¿ÎºÎµÎ½Ï„Ï?Ï‰Î¼Î­Î½Î· Î”Î¹Î¿Î¯ÎºÎ·ÏƒÎ· Î˜ÎµÏƒÏƒÎ±Î»Î¯Î±Ï‚ - Î£Ï„ÎµÏ?ÎµÎ¬Ï‚ Î•Î»Î»Î¬Î´Î¿Ï‚, Î•Î»Î»Î¬Ï‚
Chunchunuri, Municipio Sabaya, Provincia Sabaya, Oruro, Bolivia
å…«ä¸ˆæ”¯åº?, æ?±äº¬éƒ½, æ—¥æœ¬
æŸ´çª?å ¡ç®¡å§”ä¼š, è¾¾å?‚åŸŽåŒº, ä¹Œé²?æœ¨é½?å¸‚, æ–°ç–†ç»´å?¾å°”è‡ªæ²»åŒº, 830000, ä¸­å›½
AysÃ©n, Provincia de AysÃ©n, RegiÃ³n AysÃ©n del General Carlos IbÃ¡Ã±ez del Campo, Chile
å°?ç¬ åŽŸæ?‘, å°?ç¬ åŽŸæ”¯åº?, æ?±äº¬éƒ½, 100-2101, æ—¥æœ¬
ä½?æ¸¡å¸‚, æ–°æ½ŸçœŒ, æ—¥æœ¬
ä¸œå·?åŒº, äº‘å?—çœ?, ä¸­å›½
Gisborne, 4010, New Zealand/Aotearoa
ä»»æ³½åŒº, é‚¢å?°å¸‚, æ²³åŒ—çœ?, 055100, ä¸­å›½
å®?æ™‹åŽ¿, é‚¢å?°å¸‚, æ²³åŒ—çœ?, 054000, ä¸­å›½
å®?æ™‹åŽ¿, é‚¢å?°å¸‚, æ²³åŒ—çœ?, 054000, ä¸­å›½
è¾›é›†å¸‚, çŸ³å®¶åº„å¸‚, æ²³åŒ—çœ?, ä¸­å›½
æ–°æ²³åŽ¿, é‚¢å?°å¸‚, æ²³åŒ—çœ?, 054000, ä¸­å›½
Ruta D-801, Mineral ChillÃ¡n, Illapel, Provincia de Choapa, RegiÃ³n de Coquimbo, Chile
CallerÃ­a, Coronel Portillo, Ucayali, PerÃº
ç¥žæ´¥å³¶æ?‘, å¤§å³¶æ”¯åº?, æ?±äº¬éƒ½, 100-0601, æ—¥æœ¬
Bajhang Road, Khalapata Community, Banala Community, Udi, Sunkuda, Bithadchir, à¤¬à¤?à¤¾à¤™, Sudurpashchim Pradesh, à¤¨à¥‡à¤ªà¤¾à¤²
Sarashwoti Primary School, 4, Bagthala-Bichgada Road, Bagthala Bazzar, Banjh, Kedarseu, à¤¬à¤?à¤¾à¤™, Sudurpashchim Pradesh, à¤¨à¥‡à¤ªà¤¾à¤²
Pipalkot, Bungal, à¤¬à¤?à¤¾à¤™, Sudurpashchim Pradesh, à¤¨à¥‡à¤ªà¤¾à¤²
Antofagasta, Provincia de Antofagasta, RegiÃ³n de Antofagasta, Chile
Municipio de Retalhuleu, Retalhuleu, Guatemala
Pastaza, Datem del MaraÃ±Ã³n, Loreto, PerÃº
Ø¯Ù‡Ø³ØªØ§Ù† Ø¯Ù‡Ú©ÙˆÛŒÙ‡, Ø¨Ø®Ø´ Ù…Ø±Ú©Ø²ÛŒ, Ø´Ù‡Ø±Ø³ØªØ§Ù† Ù„Ø§Ø±Ø³ØªØ§Ù†, Ø§Ø³ØªØ§Ù† Ù?Ø§Ø±Ø³, Ø§ÛŒØ±Ø§Ù†
ÎšÎµÏ‡Ï?Î¹Î½Î¹Î¬, Î”Î·Î¼Î¿Ï„Î¹ÎºÎ® Î•Î½ÏŒÏ„Î·Ï„Î± Î‘Î¼Ï†Î¹Î»Î¿Ï‡Î¯Î±Ï‚, Î”Î®Î¼Î¿Ï‚ Î‘Î¼Ï†Î¹Î»Î¿Ï‡Î¯Î±Ï‚, Î ÎµÏ?Î¹Ï†ÎµÏ?ÎµÎ¹Î±ÎºÎ® Î•Î½ÏŒÏ„Î·Ï„Î± Î‘Î¹Ï„Ï‰Î»Î¿Î±ÎºÎ±Ï?Î½Î±Î½Î¯Î±Ï‚, Î ÎµÏ?Î¹Ï†Î­Ï?ÎµÎ¹Î± Î”Ï…Ï„Î¹ÎºÎ®Ï‚ Î•Î»Î»Î¬Î´Î±Ï‚, Î‘Ï€Î¿ÎºÎµÎ½Ï„Ï?Ï‰Î¼Î­Î½Î· Î”Î¹Î¿Î¯ÎºÎ·ÏƒÎ· Î ÎµÎ»Î¿Ï€Î¿Î½Î½Î®ÏƒÎ¿Ï…, Î”Ï…Ï„Î¹ÎºÎ®Ï‚ Î•Î»Î»Î¬Î´Î±Ï‚ ÎºÎ±Î¹ Î™Î¿Î½Î¯Î¿Ï…, 305 00, Î•Î»Î»Î¬Ï‚
Ballekhola to Bhatkada path, Deulekh, Syandi, Bithadchir, à¤¬à¤?à¤¾à¤™, Sudurpashchim Pradesh, à¤¨à¥‡à¤ªà¤¾à¤²
ã?„ã‚?ã??å¸‚, ç¦?å³¶çœŒ, æ—¥æœ¬
Ø¯Ù‡Ø³ØªØ§Ù† Ø³ÙˆÙ…Ø§Ø±, Ø¨Ø®Ø´ Ø³ÙˆÙ…Ø§Ø±, Ø´Ù‡Ø±Ø³ØªØ§Ù† Ù‚ØµØ± Ø´ÛŒØ±ÛŒÙ†, Ø§Ø³ØªØ§Ù† Ú©Ø±Ù…Ø§Ù†Ø´Ø§Ù‡, Ø§ÛŒØ±Ø§Ù†
é?’åŽ¿, æ²§å·žå¸‚, æ²³åŒ—çœ?, 062600, ä¸­å›½
äº”æ´¥å?ˆç”º, ç¶¾éƒ¨å¸‚, äº¬éƒ½åºœ, æ—¥æœ¬
ç¾Šç§€ä¹¡, à½ à½–à¾²à½²à¼‹à½¢à½´à¼‹à½¢à¾«à½¼à½„à¼‹ æ¯”å¦‚åŽ¿, é‚£æ›²å¸‚, è¥¿è—?è‡ªæ²»åŒº - à½–à½¼à½‘à¼‹à½¢à½„à¼‹à½¦à¾?à¾±à½¼à½„à¼‹à½£à¾—à½¼à½„à½¦à¼?, ä¸­å›½
Antofagasta, Provincia de Antofagasta, RegiÃ³n de Antofagasta, Chile
æ—­å¸‚, å?ƒè‘‰çœŒ, æ—¥æœ¬
à½¦à½‚à¼‹à½¦à¾Ÿà½ºà½„à¼‹, Sagteng, Sagteng Gewog, à½–à½€à¾²à¼‹à½¤à½²à½¦à¼‹à½¦à¾’à½„à¼‹à½¢à¾«à½¼à½„à¼‹à½?à½‚à¼‹, à½ à½–à¾²à½´à½‚à½¡à½´à½£à¼‹
Granada, Granada (Municipio), Granada, 43000, Nicaragua
La Posada, Tocopilla, Provincia de Tocopilla, RegiÃ³n de Antofagasta, Chile
OllagÃ¼e, Provincia de El Loa, RegiÃ³n de Antofagasta, Chile
CopiapÃ³, Provincia de CopiapÃ³, RegiÃ³n de Atacama, Chile
å›½é?“447å?·, ã?ˆã?³ã?®å¸‚, å®®å´ŽçœŒ, æ—¥æœ¬
å®¿æ¯›å¸‚, é«˜çŸ¥çœŒ, 788-0782, æ—¥æœ¬
Moyobamba, San MartÃ­n, 22001, PerÃº
Ù¾Ø±ÙˆÙ…, Ø¯Ù‡Ø³ØªØ§Ù† Ø§ÛŒØ±Ù†Ø¯Ú¯Ø§Ù†, Ø¨Ø®Ø´ Ø§ÛŒØ±Ù†Ø¯Ú¯Ø§Ù†, Ø´Ù‡Ø±Ø³ØªØ§Ù† Ø®Ø§Ø´, Ø§Ø³ØªØ§Ù† Ø³ÛŒØ³ØªØ§Ù† Ùˆ Ø¨Ù„ÙˆÚ†Ø³ØªØ§Ù†, Ø§ÛŒØ±Ø§Ù†
å®‡å’Œå³¶å¸‚, æ„›åª›çœŒ, 798-8601, æ—¥æœ¬
El Aguero, YacuÃ­ba, Gran Chaco, Tarija, Bolivia
Ø¯Ù‡Ø³ØªØ§Ù† Ù¾Ø³ Ú©Ù„ÙˆØª, Ø¨Ø®Ø´ Ù…Ø±Ú©Ø²ÛŒ Ø´Ù‡Ø±Ø³ØªØ§Ù† Ú¯Ù†Ø§Ø¨Ø§Ø¯, Ø´Ù‡Ø±Ø³ØªØ§Ù† Ú¯Ù†Ø§Ø¨Ø§Ø¯, Ø§Ø³ØªØ§Ù† Ø®Ø±Ø§Ø³Ø§Ù† Ø±Ø¶ÙˆÛŒ, Ø§ÛŒØ±Ø§Ù†
Ø´Ù‡Ø±Ø¯Ø§Ø±ÛŒ Ù?Ø±Ø¯ÙˆØ³, Ø¨Ù„ÙˆØ§Ø± Ø¬Ù…Ù‡ÙˆØ±ÛŒ Ø§Ø³Ù„Ø§Ù…ÛŒ, Ø´Ù‡Ø±Ú© Ø§Ù†ØµØ§Ø±, Ù?Ø±Ø¯ÙˆØ³, Ø¯Ù‡Ø³ØªØ§Ù† Ø­ÙˆÙ…Ù‡ Ø´Ù‡Ø±Ø³ØªØ§Ù† Ù?Ø±Ø¯ÙˆØ³, Ø¨Ø®Ø´ Ù…Ø±Ú©Ø²ÛŒ, Ø´Ù‡Ø±Ø³ØªØ§Ù† Ù?Ø±Ø¯ÙˆØ³, Ø§Ø³ØªØ§Ù† Ø®Ø±Ø§Ø³Ø§Ù† Ø¬Ù†ÙˆØ¨ÛŒ, Ø§ÛŒØ±Ø§Ù†
Ø¯Ù‡Ø³ØªØ§Ù† Ù…Ø¨Ø§Ø±Ú© Ø¢Ø¨Ø§Ø¯, Ø¨Ø®Ø´ Ù…Ø±Ú©Ø²ÛŒ, Ø´Ù‡Ø±Ø³ØªØ§Ù† Ù‚ÛŒØ± Ùˆ Ú©Ø§Ø±Ø²ÛŒÙ†, Ø§Ø³ØªØ§Ù† Ù?Ø§Ø±Ø³, Ø§ÛŒØ±Ø§Ù†
Ovalle, Provincia de LimarÃ­, RegiÃ³n de Coquimbo, Chile
Ovalle, Provincia de LimarÃ­, RegiÃ³n de Coquimbo, 1840000, Chile
Jinotepe (Municipio), Carazo, 45000, Nicaragua
Buen Retiro Sur, Piraicito, Municipio Cabezas, Provincia Cordillera, Santa Cruz, Bolivia
è‹«å°?ç‰§å¸‚, èƒ†æŒ¯ç·?å?ˆæŒ¯èˆˆå±€, åŒ—æµ·é?“, 053-0853, æ—¥æœ¬
éƒ¡ä¸Šå¸‚, å²?é˜œçœŒ, æ—¥æœ¬
Elandsrivier, Witzenberg Ward 10, Witzenberg Local Municipality, Cape Winelands District Municipality, Western Cape, South Africa
Comas, ConcepciÃ³n, JunÃ­n, PerÃº
JU-1167, Comas, ConcepciÃ³n, JunÃ­n, PerÃº
Ø¯Ù‡Ø³ØªØ§Ù† Ø¨Ø²Ù…Ø§Ù†, Ø¨Ø®Ø´ Ø¨Ø²Ù…Ø§Ù†, Ø´Ù‡Ø±Ø³ØªØ§Ù† Ø§ÛŒØ±Ø§Ù†Ø´Ù‡Ø±, Ø§Ø³ØªØ§Ù† Ø³ÛŒØ³ØªØ§Ù† Ùˆ Ø¨Ù„ÙˆÚ†Ø³ØªØ§Ù†, Ø§ÛŒØ±Ø§Ù†
æ²³è¥¿é•‡, é€šæµ·åŽ¿, çŽ‰æºªå¸‚, äº‘å?—çœ?, ä¸­å›½
æ´›æ²³å½?æ—?ä¹¡, çº¢å¡”åŒº, çŽ‰æºªå¸‚, äº‘å?—çœ?, ä¸­å›½
Ø¯Ù‡Ø³ØªØ§Ù† Ø­ÙˆÙ…Ù‡, Ø¨Ø®Ø´ Ù…Ø±Ú©Ø²ÛŒ, Ø´Ù‡Ø±Ø³ØªØ§Ù† Ù„Ø§Ø±Ø³ØªØ§Ù†, Ø§Ø³ØªØ§Ù† Ù?Ø§Ø±Ø³, Ø§ÛŒØ±Ø§Ù†
å…¬ä¹‰ - å®?ç››, å¤§å±±ä¸Š, å¤§é‚‘åŽ¿, å²—ä¸Šæˆ·, èŠ¦å±±åŽ¿, é›…å®‰å¸‚, å››å·?çœ?, ä¸­å›½
Ú©ÙˆÙ‡ Ø¹Ù„ÛŒØ§, Ø¯Ù‡Ø³ØªØ§Ù† Ø³ÛŒØ§Ù‡Ùˆ, Ø¨Ø®Ø´ Ù…Ø±Ú©Ø²ÛŒ Ø´Ù‡Ø±Ø³ØªØ§Ù† Ø¨Ù†Ø¯Ø±Ø¹Ø¨Ø§Ø³, Ø´Ù‡Ø±Ø³ØªØ§Ù† Ø¨Ù†Ø¯Ø±Ø¹Ø¨Ø§Ø³, Ø§Ø³ØªØ§Ù† Ù‡Ø±Ù…Ø²Ú¯Ø§Ù†, Ø§ÛŒØ±Ø§Ù†
èŸ¹æ²¢, åŒ—ç§‹ç”°å¸‚, ç§‹ç”°çœŒ, æ—¥æœ¬
Mati, Davao Oriental, Davao Region, 8200, Philippines
å®®å?¤å¸‚, å²©æ‰‹çœŒ, æ—¥æœ¬
Die Wingerd, Witzenberg Ward 12, Witzenberg Local Municipality, Cape Winelands District Municipality, Western Cape, South Africa
Catarman-Calbayog Road, Casapa, Calbayog, Samar, Eastern Visayas, 6710, Philippines
Antofagasta, Provincia de Antofagasta, RegiÃ³n de Antofagasta, Chile
Natales, Provincia de Ãšltima Esperanza, RegiÃ³n de Magallanes y de la AntÃ¡rtica Chilena, Chile
Ø¯Ù‡Ø³ØªØ§Ù† Ø´Ù„Ù…ÛŒ, Ø¨Ø®Ø´ Ú¯Ù„ÛŒØ¯Ø§Øº, Ø´Ù‡Ø±Ø³ØªØ§Ù† Ù…Ø±Ø§ÙˆÙ‡ ØªÙ¾Ù‡, Ø§Ø³ØªØ§Ù† Ú¯Ù„Ø³ØªØ§Ù†, Ø§ÛŒØ±Ø§Ù†
æ¨ªæ‰‹å¸‚, ç§‹ç”°çœŒ, æ—¥æœ¬
Nabire, Kabupaten Nabire, Papua Tengah, 98811, Indonesia
Ø¯Ù‡Ø³ØªØ§Ù† Ù‚Ù„Ø¹Ù‡ Ø¹Ø³Ú©Ø±, Ø¨Ø®Ø´ Ù„Ø§Ù„Ù‡ Ø²Ø§Ø±, Ø´Ù‡Ø±Ø³ØªØ§Ù† Ø¨Ø±Ø¯Ø³ÛŒØ±, Ø§Ø³ØªØ§Ù† Ú©Ø±Ù…Ø§Ù†, Ø§ÛŒØ±Ø§Ù†
Tocopilla, Provincia de Tocopilla, RegiÃ³n de Antofagasta, Chile
Antofagasta, Provincia de Antofagasta, RegiÃ³n de Antofagasta, Chile
å…«ä¸ˆæ”¯åº?, æ?±äº¬éƒ½, æ—¥æœ¬
ç”°åŽŸå¸‚, æ„›çŸ¥çœŒ, 441-3492, æ—¥æœ¬
Bautista Saavedra, Municipio Santiago de Machaca, Provincia General JosÃ© Manuel Pando, La Paz, Bolivia
Ø¯Ù‡Ø³ØªØ§Ù† Ú©Ù„Ø§ØªÙ‡ Ù‡Ø§ÛŒ Ø´Ø±Ù‚ÛŒ, Ø¨Ø®Ø´ Ù…Ø±Ú©Ø²ÛŒ Ø´Ù‡Ø±Ø³ØªØ§Ù† Ù…ÛŒØ§Ù…ÛŒ, Ø´Ù‡Ø±Ø³ØªØ§Ù† Ù…ÛŒØ§Ù…ÛŒ, Ø§Ø³ØªØ§Ù† Ø³Ù…Ù†Ø§Ù†, Ø§ÛŒØ±Ø§Ù†
ä¸‰å’ŒåŒºæœ«é‡Ž, ä¸Šè¶Šå¸‚, æ–°æ½ŸçœŒ, æ—¥æœ¬
Butuan, Caraga, Philippines
Butuan, Caraga, 8611, Philippines
å¸ƒå¡”ä¹¡, à½¦à¾Ÿà½ºà½„à¼‹à½†à½ºà½“à¼‹à½¢à¾«à½¼à½„à¼‹ ä¸?é?’åŽ¿, æ˜Œéƒ½å¸‚, è¥¿è—?è‡ªæ²»åŒº - à½–à½¼à½‘à¼‹à½¢à½„à¼‹à½¦à¾?à¾±à½¼à½„à¼‹à½£à¾—à½¼à½„à½¦à¼?, ä¸­å›½
Calama, Provincia de El Loa, RegiÃ³n de Antofagasta, 1395584, Chile
å?‰çŽ›ä¹¡, à½ à½–à¾²à½¼à½„à¼‹à½”à¼‹à½¢à¾«à½¼à½„à¼‹ ä»²å·´åŽ¿, æ—¥å–€åˆ™å¸‚, è¥¿è—?è‡ªæ²»åŒº - à½–à½¼à½‘à¼‹à½¢à½„à¼‹à½¦à¾?à¾±à½¼à½„à¼‹à½£à¾—à½¼à½„à½¦à¼?, ä¸­å›½
å°?ç¬ åŽŸæ?‘, å°?ç¬ åŽŸæ”¯åº?, æ?±äº¬éƒ½, 100-2101, æ—¥æœ¬
æœ¨æ–¯çº¿, æ»©å †ä¹¡, å®‰å¤šåŽ¿, é‚£æ›²å¸‚, è¥¿è—?è‡ªæ²»åŒº - à½–à½¼à½‘à¼‹à½¢à½„à¼‹à½¦à¾?à¾±à½¼à½„à¼‹à½£à¾—à½¼à½„à½¦à¼?, ä¸­å›½
ä¸²é–“å¸‚, å®®å´ŽçœŒ, 888-8555, æ—¥æœ¬
Antofagasta, Provincia de Antofagasta, RegiÃ³n de Antofagasta, Chile
Antofagasta, Provincia de Antofagasta, RegiÃ³n de Antofagasta, Chile
Antofagasta, Provincia de Antofagasta, RegiÃ³n de Antofagasta, Chile
OllagÃ¼e, Provincia de El Loa, RegiÃ³n de Antofagasta, Chile
Morona, Datem del MaraÃ±Ã³n, Loreto, PerÃº
Ø¯Ù‡Ø³ØªØ§Ù† Ø´Ø±Ù‚ ÙˆØºØ±Ø¨ Ø´ÛŒØ±Ú¯Ø§Ù‡, Ø¨Ø®Ø´ Ù…Ø±Ú©Ø²ÛŒ, Ø´Ù‡Ø±Ø³ØªØ§Ù† Ø³ÙˆØ§Ø¯Ú©ÙˆÙ‡ Ø´Ù…Ø§Ù„ÛŒ, Ø§Ø³ØªØ§Ù† Ù…Ø§Ø²Ù†Ø¯Ø±Ø§Ù†, 47831-83312, Ø§ÛŒØ±Ø§Ù†
Campamento Minero, Municipio San Agustin, Provincia Enrique Baldivieso, PotosÃ­, Bolivia
é•·å²¡å¸‚, æ–°æ½ŸçœŒ, 947-0035, æ—¥æœ¬
éŸ³åˆ¥ç”ºã‚«ãƒ©ãƒžãƒ³ãƒ™ãƒ„, é‡§è·¯å¸‚, é‡§è·¯ç·?å?ˆæŒ¯èˆˆå±€, åŒ—æµ·é?“, æ—¥æœ¬
Calama, Provincia de El Loa, RegiÃ³n de Antofagasta, 1395584, Chile
å®®å?¤å³¶å¸‚, æ²–ç¸„çœŒ, æ—¥æœ¬
Luganville, Sanma, Vanuatu
Ø¯Ù‡Ø³ØªØ§Ù† Ú©ÙˆØ®Ø±Ø¯, Ø¨Ø®Ø´ Ú©ÙˆØ®Ø±Ø¯Ù‡Ø±Ù†Ú¯, Ø´Ù‡Ø±Ø³ØªØ§Ù† Ø¨Ø³ØªÚ©, Ø§Ø³ØªØ§Ù† Ù‡Ø±Ù…Ø²Ú¯Ø§Ù†, Ø§ÛŒØ±Ø§Ù†
Ø¬Ø§Ø¯Ù‡ Ø¨Ù†Ø¯Ø±Ø¹Ø¨Ø§Ø³ _ Ù…ÛŒÙ†Ø§Ø¨, Ø¯Ù‡Ø³ØªØ§Ù† Ø§ÛŒØ³ÛŒÙ†, Ø¨Ø®Ø´ Ù…Ø±Ú©Ø²ÛŒ Ø´Ù‡Ø±Ø³ØªØ§Ù† Ø¨Ù†Ø¯Ø±Ø¹Ø¨Ø§Ø³, Ø´Ù‡Ø±Ø³ØªØ§Ù† Ø¨Ù†Ø¯Ø±Ø¹Ø¨Ø§Ø³, Ø§Ø³ØªØ§Ù† Ù‡Ø±Ù…Ø²Ú¯Ø§Ù†, Ø§ÛŒØ±Ø§Ù†
Calama, Provincia de El Loa, RegiÃ³n de Antofagasta, 1395584, Chile
Natales, Provincia de Ãšltima Esperanza, RegiÃ³n de Magallanes y de la AntÃ¡rtica Chilena, Chile
Ø¯Ù‡Ø³ØªØ§Ù† Ù‡Ù†Ú¯Ø§Ù…, Ø¨Ø®Ø´ Ù…Ø±Ú©Ø²ÛŒ, Ø´Ù‡Ø±Ø³ØªØ§Ù† Ù‚ÛŒØ± Ùˆ Ú©Ø§Ø±Ø²ÛŒÙ†, Ø§Ø³ØªØ§Ù† Ù?Ø§Ø±Ø³, Ø§ÛŒØ±Ø§Ù†
Talcaruca, Ovalle, Provincia de LimarÃ­, RegiÃ³n de Coquimbo, Chile
Ø¯Ù‡Ø³ØªØ§Ù† Ù…Ø­Ø³Ù† Ø¢Ø¨, Ø¨Ø®Ø´ Ù…Ø±Ú©Ø²ÛŒ, Ø´Ù‡Ø±Ø³ØªØ§Ù† Ù…Ù‡Ø±Ø§Ù†, Ø§Ø³ØªØ§Ù† Ø§ÛŒÙ„Ø§Ù…, Ø§ÛŒØ±Ø§Ù†
Ø¯Ù‡Ø³ØªØ§Ù† Ø¨ÛŒ Ø¨ÛŒ Ø­Ú©ÛŒÙ…Ù‡, Ø¨Ø®Ø´ Ù…Ø±Ú©Ø²ÛŒ, Ø´Ù‡Ø±Ø³ØªØ§Ù† Ú¯Ú†Ø³Ø§Ø±Ø§Ù†, Ø§Ø³ØªØ§Ù† Ú©Ù‡Ú¯ÛŒÙ„ÙˆÛŒÙ‡ Ùˆ Ø¨ÙˆÛŒØ± Ø§Ø­Ù…Ø¯, Ø§ÛŒØ±Ø§Ù†
Natales, Provincia de Ãšltima Esperanza, RegiÃ³n de Magallanes y de la AntÃ¡rtica Chilena, Chile
å¤§é‡Žå¸‚, ç¦?äº•çœŒ, æ—¥æœ¬
ÎšÎ¿Î¹Î½ÏŒÏ„Î·Ï„Î± ÎšÎ¬Ï„Ï‰ Î£Ï…Î½Î¿Î¹ÎºÎ¯Î±Ï‚ Î¤Ï?Î¹ÎºÎ¬Î»Ï‰Î½, Î”Î·Î¼Î¿Ï„Î¹ÎºÎ® Î•Î½ÏŒÏ„Î·Ï„Î± ÎžÏ…Î»Î¿ÎºÎ¬ÏƒÏ„Ï?Î¿Ï…, Î”Î®Î¼Î¿Ï‚ ÎžÏ…Î»Î¿ÎºÎ¬ÏƒÏ„Ï?Î¿Ï… - Î•Ï…Ï?Ï‰ÏƒÏ„Î¯Î½Î·Ï‚, Î ÎµÏ?Î¹Ï†ÎµÏ?ÎµÎ¹Î±ÎºÎ® Î•Î½ÏŒÏ„Î·Ï„Î± ÎšÎ¿Ï?Î¹Î½Î¸Î¯Î±Ï‚, Î ÎµÏ?Î¹Ï†Î­Ï?ÎµÎ¹Î± Î ÎµÎ»Î¿Ï€Î¿Î½Î½Î®ÏƒÎ¿Ï…, Î‘Ï€Î¿ÎºÎµÎ½Ï„Ï?Ï‰Î¼Î­Î½Î· Î”Î¹Î¿Î¯ÎºÎ·ÏƒÎ· Î ÎµÎ»Î¿Ï€Î¿Î½Î½Î®ÏƒÎ¿Ï…, Î”Ï…Ï„Î¹ÎºÎ®Ï‚ Î•Î»Î»Î¬Î´Î±Ï‚ ÎºÎ±Î¹ Î™Î¿Î½Î¯Î¿Ï…, Î•Î»Î»Î¬Ï‚
San Francisco de MacorÃ­s, Duarte, RepÃºblica Dominicana
Canton Cahuana, Municipio Llica, Daniel Campos, PotosÃ­, Bolivia
Colchane, Provincia del Tamarugal, RegiÃ³n de TarapacÃ¡, Chile
Residencial Santa MarÃ­a de las Victorias, Distrito VI, Managua (Municipio), Managua, 11021, Nicaragua
Barrancas, Huamalata, Ovalle, Provincia de LimarÃ­, RegiÃ³n de Coquimbo, Chile
Mata Air Laitimbang, Jalan Gereja GKS Lamau, Kecamatan Wulla Waijelu, Sumba Timur, Nusa Tenggara Timur, Indonesia
æ ¹å®¤å¸‚, æ ¹å®¤æŒ¯èˆˆå±€, åŒ—æµ·é?“, æ—¥æœ¬
æ ¹å®¤å¸‚, æ ¹å®¤æŒ¯èˆˆå±€, åŒ—æµ·é?“, æ—¥æœ¬
Ovalle, Provincia de LimarÃ­, RegiÃ³n de Coquimbo, Chile
Laurana, San Juan de Tarucani, Arequipa, PerÃº
ç™½é©¬è—?æ—?ä¹¡, å¹³æ­¦åŽ¿, ç»µé˜³å¸‚, å››å·?çœ?, ä¸­å›½
CallerÃ­a, Coronel Portillo, Ucayali, PerÃº
ç”˜å­œåŽ¿, à½‘à½€à½¢à¼‹à½˜à½›à½ºà½¦à¼‹à½¢à¾«à½¼à½„ ç”˜å­œåŽ¿, ç”˜å­œè—?æ—?è‡ªæ²»å·ž, å››å·?çœ?, ä¸­å›½
ä¸Šæ¨ªåœ°, å±±æ­¦å¸‚, å?ƒè‘‰çœŒ, 289-1311, æ—¥æœ¬
å®®æœ¬, åŒ?ç‘³å¸‚, å?ƒè‘‰çœŒ, 289-2144, æ—¥æœ¬
Lapachal, Yacuiba, YacuÃ­ba, Gran Chaco, Tarija, Bolivia
å¤§èˆ¹æ¸¡å¸‚, å²©æ‰‹çœŒ, æ—¥æœ¬
Camino a Mina Huanteme, Vallenar, Provincia de Huasco, RegiÃ³n de Atacama, Chile
ç”°è¾ºå¸‚, å’Œæ­Œå±±çœŒ, 646-8545, æ—¥æœ¬
ç”°è¾ºå¸‚, å’Œæ­Œå±±çœŒ, 646-8545, æ—¥æœ¬
Calama, Provincia de El Loa, RegiÃ³n de Antofagasta, 1395584, Chile
LM-837, Chatacanchihuayque, Mariatana, HuarochirÃ­, Lima, PerÃº
å®®å´Žå¸‚, å®®å´ŽçœŒ, 880-8505, æ—¥æœ¬
Sunkhaniâ€?Sangwa Road, Lapilang, Kalinchok, à¤¦à¥‹à¤²à¤–à¤¾, Bagmati Pradesh, 45500, à¤¨à¥‡à¤ªà¤¾à¤²
æº§æ°´åŒº, å?—äº¬å¸‚, æ±Ÿè‹?çœ?, ä¸­å›½
Antofagasta, Provincia de Antofagasta, RegiÃ³n de Antofagasta, Chile
ç›?æ´¥åŽ¿, æ˜­é€šå¸‚, äº‘å?—çœ?, ä¸­å›½
11th Road, Vleikop AH, Randfontein Ward 1, Randfontein Local Municipality, West Rand District Municipality, Gauteng, South Africa
å¾¡è”µå³¶æ?‘, ä¸‰å®…æ”¯åº?, æ?±äº¬éƒ½, æ—¥æœ¬
Municipio Padcaya, Provincia Arce, Tarija, Bolivia
Boca de Cupe, Distrito Pinogana, DariÃ©n, PanamÃ¡
Boca de Cupe, Distrito Pinogana, DariÃ©n, PanamÃ¡
Boca de Cupe, Distrito Pinogana, DariÃ©n, PanamÃ¡
æ?±é‡‘é‡Žäº•, é‡Žç”°å¸‚, å?ƒè‘‰çœŒ, 344-0117, æ—¥æœ¬
CuricÃ³, Provincia de CuricÃ³, RegiÃ³n del Maule, Chile
Fiordland Community, Southland District, Southland, New Zealand/Aotearoa
San JosÃ© del Guaviare, Guaviare, 950001, Colombia
Jubilee Farm, Luganville, Sanma, Vanuatu
Colina, Provincia de Chacabuco, RegiÃ³n Metropolitana de Santiago, Chile
éŠšå­?å¸‚, å?ƒè‘‰çœŒ, æ—¥æœ¬
CallerÃ­a, Coronel Portillo, Ucayali, PerÃº
åº·å®šå¸‚, ç”˜å­œè—?æ—?è‡ªæ²»å·ž, å››å·?çœ?, 626000, ä¸­å›½
é˜¿è˜‡å¸‚, ç†Šæœ¬çœŒ, æ—¥æœ¬
å?—æ¥¼è¡—é?“, å¤§çŸ³æ¡¥å¸‚, è?¥å?£å¸‚, è¾½å®?çœ?, ä¸­å›½
71, Ø¯Ù‡Ø³ØªØ§Ù† Ø§ÛŒØ³ÛŒÙ†, Ø¨Ø®Ø´ Ù…Ø±Ú©Ø²ÛŒ Ø´Ù‡Ø±Ø³ØªØ§Ù† Ø¨Ù†Ø¯Ø±Ø¹Ø¨Ø§Ø³, Ø´Ù‡Ø±Ø³ØªØ§Ù† Ø¨Ù†Ø¯Ø±Ø¹Ø¨Ø§Ø³, Ø§Ø³ØªØ§Ù† Ù‡Ø±Ù…Ø²Ú¯Ø§Ù†, Ø§ÛŒØ±Ø§Ù†
Gaspar Cabrales, Parte Alta, Coquimbo, Provincia de Elqui, RegiÃ³n de Coquimbo, 1790437, Chile
Centro Lagarto Seco, Palcazu, Oxapampa, Pasco, PerÃº
Morona, Datem del MaraÃ±Ã³n, Loreto, PerÃº
Iquique, Provincia de Iquique, RegiÃ³n de TarapacÃ¡, Chile
Municipio Santiago de Machaca, Provincia General JosÃ© Manuel Pando, La Paz, Bolivia
ä¹…ä¹‹æµœç”ºç”°ä¹‹ç¶², ã?„ã‚?ã??å¸‚, ç¦?å³¶çœŒ, 979-0201, æ—¥æœ¬
Colchane, Provincia del Tamarugal, RegiÃ³n de TarapacÃ¡, Chile
Sumbawanga, Sumbawanga Urban, Rukwa, Southern Highlands Zone, Tanzania
ConstituciÃ³n, Oxapampa, Pasco, PerÃº
æ ¹å®¤å¸‚, æ ¹å®¤æŒ¯èˆˆå±€, åŒ—æµ·é?“, æ—¥æœ¬
Boca de Cupe, Distrito Pinogana, DariÃ©n, PanamÃ¡
Pangoa, Satipo, JunÃ­n, PerÃº
Ø¨Ù†Ø¯Ø± Ø®Ù…ÛŒØ±, Ø¯Ù‡Ø³ØªØ§Ù† Ø®Ù…ÛŒØ±, Ø¨Ø®Ø´ Ù…Ø±Ú©Ø²ÛŒ Ø´Ù‡Ø±Ø³ØªØ§Ù† Ø®Ù…ÛŒØ±, Ø´Ù‡Ø±Ø³ØªØ§Ù† Ø®Ù…ÛŒØ±, Ø§Ø³ØªØ§Ù† Ù‡Ø±Ù…Ø²Ú¯Ø§Ù†, 79316-63143, Ø§ÛŒØ±Ø§Ù†
ÎšÎ¿Î¹Î½ÏŒÏ„Î·Ï„Î± Î ÎµÏ?Î¯ÏƒÏ„Î·Ï‚, Î”Î·Î¼Î¿Ï„Î¹ÎºÎ® Î•Î½ÏŒÏ„Î·Ï„Î± Î Î»Î±Ï„Î¬Î½Î¿Ï…, Î”Î®Î¼Î¿Ï‚ Î?Î±Ï…Ï€Î±ÎºÏ„Î¯Î±Ï‚, Î ÎµÏ?Î¹Ï†ÎµÏ?ÎµÎ¹Î±ÎºÎ® Î•Î½ÏŒÏ„Î·Ï„Î± Î‘Î¹Ï„Ï‰Î»Î¿Î±ÎºÎ±Ï?Î½Î±Î½Î¯Î±Ï‚, Î ÎµÏ?Î¹Ï†Î­Ï?ÎµÎ¹Î± Î”Ï…Ï„Î¹ÎºÎ®Ï‚ Î•Î»Î»Î¬Î´Î±Ï‚, Î‘Ï€Î¿ÎºÎµÎ½Ï„Ï?Ï‰Î¼Î­Î½Î· Î”Î¹Î¿Î¯ÎºÎ·ÏƒÎ· Î ÎµÎ»Î¿Ï€Î¿Î½Î½Î®ÏƒÎ¿Ï…, Î”Ï…Ï„Î¹ÎºÎ®Ï‚ Î•Î»Î»Î¬Î´Î±Ï‚ ÎºÎ±Î¹ Î™Î¿Î½Î¯Î¿Ï…, 300 22, Î•Î»Î»Î¬Ï‚
General Lagos, Provincia de Parinacota, RegiÃ³n de Arica y Parinacota, Chile
AscotÃ¡n, OllagÃ¼e, Provincia de El Loa, RegiÃ³n de Antofagasta, Chile
Colchane, Provincia del Tamarugal, RegiÃ³n de TarapacÃ¡, Chile
æ¡ƒæº?é‡Œ, æ¡ƒæº?å?€, é«˜é›„å¸‚, 848, è‡ºç?£
Ø¯Ù‡Ø³ØªØ§Ù† Ø¢ÙˆÛŒØ², Ø¨Ø®Ø´ Ù…Ø±Ú©Ø²ÛŒ, Ø´Ù‡Ø±Ø³ØªØ§Ù† Ù?Ø±Ø§Ø´Ø¨Ù†Ø¯, Ø§Ø³ØªØ§Ù† Ù?Ø§Ø±Ø³, Ø§ÛŒØ±Ø§Ù†
Vallenar, Provincia de Huasco, RegiÃ³n de Atacama, Chile
OllagÃ¼e, Provincia de El Loa, RegiÃ³n de Antofagasta, Chile
Cuzzera, Resia, Udine, Friuli-Venezia Giulia, Italia
Interandino, Pangoa, Satipo, JunÃ­n, PerÃº
é¾™é™µåŽ¿, ä¿?å±±å¸‚, äº‘å?—çœ?, ä¸­å›½
é¾™é™µåŽ¿, ä¿?å±±å¸‚, äº‘å?—çœ?, ä¸­å›½
èŠ’å¸‚, å¾·å®?å‚£æ—?æ™¯é¢‡æ—?è‡ªæ²»å·ž, äº‘å?—çœ?, 665000, ä¸­å›½
é¾™é™µåŽ¿, ä¿?å±±å¸‚, äº‘å?—çœ?, ä¸­å›½
è…¾å†²å¸‚, ä¿?å±±å¸‚, äº‘å?—çœ?, 679100, ä¸­å›½
R704, Letsemeng Ward 5, Letsemeng Local Municipality, Xhariep District Municipality, Free State, South Africa
é¾™é™µåŽ¿, ä¿?å±±å¸‚, äº‘å?—çœ?, ä¸­å›½
å?¤å†¶åŒº, å”?å±±å¸‚, æ²³åŒ—çœ?, 063100, ä¸­å›½
ç™½é©¬è—?æ—?ä¹¡, å¹³æ­¦åŽ¿, ç»µé˜³å¸‚, å››å·?çœ?, ä¸­å›½
é»„ç¾Šå…³è—?æ—?ä¹¡, å¹³æ­¦åŽ¿, ç»µé˜³å¸‚, å››å·?çœ?, ä¸­å›½
ç«¹æŸ?, ç»µé˜³å¸‚, å››å·?çœ?, ä¸­å›½
Via delle Caserme, Borgo Rozza, Venzone / VenÃ§on, Venzone, Udine, Friuli-Venezia Giulia, 33013, Italia
GÃ¼ingopana, Toacaso, Latacunga, Cotopaxi, Ecuador
Mati, Davao Oriental, Davao Region, 8200, Philippines
Ø¯Ù‡Ø³ØªØ§Ù† Ù…Ù‡ÛŒØ§Ø±, Ø¨Ø®Ø´ Ù…Ø±Ú©Ø²ÛŒ, Ø´Ù‡Ø±Ø³ØªØ§Ù† Ù‚Ø§Ø¦Ù†Ø§Øª, Ø§Ø³ØªØ§Ù† Ø®Ø±Ø§Ø³Ø§Ù† Ø¬Ù†ÙˆØ¨ÛŒ, Ø§ÛŒØ±Ø§Ù†
å¤©æ´¥å¸‚å®žéªŒæž—åœº, å®?æ²³åŒº, å¤©æ´¥å¸‚, ä¸­å›½
Ponte Tagliamento I, Osoppo, Udine, Friuli-Venezia Giulia, 33013, Italia
Ø¯Ù‡Ø³ØªØ§Ù† Ø¢ÙˆØ§Ø¬ÛŒÙ‚ Ø¬Ù†ÙˆØ¨ÛŒ, Ø¨Ø®Ø´ Ø¯Ø´ØªÚ©, Ø´Ù‡Ø±Ø³ØªØ§Ù† Ú†Ø§Ù„Ø¯Ø±Ø§Ù†, Ø§Ø³ØªØ§Ù† Ø¢Ø°Ø±Ø¨Ø§ÛŒØ¬Ø§Ù† ØºØ±Ø¨ÛŒ, Ø§ÛŒØ±Ø§Ù†
Canton San Pablo de Napa, Municipio Llica, Daniel Campos, PotosÃ­, Bolivia
Canton Cana, Municipio San Pedro de Quemes, Provincia Nor LÃ­pez, PotosÃ­, Bolivia
AysÃ©n, Provincia de AysÃ©n, RegiÃ³n AysÃ©n del General Carlos IbÃ¡Ã±ez del Campo, Chile
Calama, Provincia de El Loa, RegiÃ³n de Antofagasta, 1395584, Chile
Cilacap, Kelurahan Sidanegara Kecamatan Cilacap, Cilacap, Jawa Tengah, 53222, Indonesia
èŠ±åœŸæ²Ÿé•‡, èŒ«å´–å¸‚, æµ·è¥¿è’™å?¤æ—?è—?æ—?è‡ªæ²»å·ž, é?’æµ·çœ?, 816400, ä¸­å›½
Antofagasta, Provincia de Antofagasta, RegiÃ³n de Antofagasta, Chile
Pangoa, Satipo, JunÃ­n, PerÃº
Sol del Caribe, RÃ­o Tambo, Satipo, JunÃ­n, PerÃº
Moruroa, Tureia, Tuamotu-Gambier, PolynÃ©sie FranÃ§aise, 98784, France
Ø¯Ù‡Ø³ØªØ§Ù† Ø§ÛŒØ³ÛŒÙ†, Ø¨Ø®Ø´ Ù…Ø±Ú©Ø²ÛŒ Ø´Ù‡Ø±Ø³ØªØ§Ù† Ø¨Ù†Ø¯Ø±Ø¹Ø¨Ø§Ø³, Ø´Ù‡Ø±Ø³ØªØ§Ù† Ø¨Ù†Ø¯Ø±Ø¹Ø¨Ø§Ø³, Ø§Ø³ØªØ§Ù† Ù‡Ø±Ù…Ø²Ú¯Ø§Ù†, Ø§ÛŒØ±Ø§Ù†
Ø¯Ù‡Ø³ØªØ§Ù† Ø§ÛŒØ³ÛŒÙ†, Ø¨Ø®Ø´ Ù…Ø±Ú©Ø²ÛŒ Ø´Ù‡Ø±Ø³ØªØ§Ù† Ø¨Ù†Ø¯Ø±Ø¹Ø¨Ø§Ø³, Ø´Ù‡Ø±Ø³ØªØ§Ù† Ø¨Ù†Ø¯Ø±Ø¹Ø¨Ø§Ø³, Ø§Ø³ØªØ§Ù† Ù‡Ø±Ù…Ø²Ú¯Ø§Ù†, Ø§ÛŒØ±Ø§Ù†
Ø¯Ù‡Ø³ØªØ§Ù† Ø§ÛŒØ³ÛŒÙ†, Ø¨Ø®Ø´ Ù…Ø±Ú©Ø²ÛŒ Ø´Ù‡Ø±Ø³ØªØ§Ù† Ø¨Ù†Ø¯Ø±Ø¹Ø¨Ø§Ø³, Ø´Ù‡Ø±Ø³ØªØ§Ù† Ø¨Ù†Ø¯Ø±Ø¹Ø¨Ø§Ø³, Ø§Ø³ØªØ§Ù† Ù‡Ø±Ù…Ø²Ú¯Ø§Ù†, Ø§ÛŒØ±Ø§Ù†
Ø¯Ù‡Ø³ØªØ§Ù† Ø§ÛŒØ³ÛŒÙ†, Ø¨Ø®Ø´ Ù…Ø±Ú©Ø²ÛŒ Ø´Ù‡Ø±Ø³ØªØ§Ù† Ø¨Ù†Ø¯Ø±Ø¹Ø¨Ø§Ø³, Ø´Ù‡Ø±Ø³ØªØ§Ù† Ø¨Ù†Ø¯Ø±Ø¹Ø¨Ø§Ø³, Ø§Ø³ØªØ§Ù† Ù‡Ø±Ù…Ø²Ú¯Ø§Ù†, Ø§ÛŒØ±Ø§Ù†
Ø¯Ù‡Ø³ØªØ§Ù† Ø§ÛŒØ³ÛŒÙ†, Ø¨Ø®Ø´ Ù…Ø±Ú©Ø²ÛŒ Ø´Ù‡Ø±Ø³ØªØ§Ù† Ø¨Ù†Ø¯Ø±Ø¹Ø¨Ø§Ø³, Ø´Ù‡Ø±Ø³ØªØ§Ù† Ø¨Ù†Ø¯Ø±Ø¹Ø¨Ø§Ø³, Ø§Ø³ØªØ§Ù† Ù‡Ø±Ù…Ø²Ú¯Ø§Ù†, Ø§ÛŒØ±Ø§Ù†
Ø¯Ù‡Ø³ØªØ§Ù† Ù†Ø§ØºØ§Ù†, Ø¨Ø®Ø´ Ù†Ø§ØºØ§Ù†, Ø´Ù‡Ø±Ø³ØªØ§Ù† Ú©ÛŒØ§Ø±, Ø§Ø³ØªØ§Ù† Ú†Ù‡Ø§Ø±Ù…Ø­Ø§Ù„ Ùˆ Ø¨Ø®ØªÛŒØ§Ø±ÛŒ, Ø§ÛŒØ±Ø§Ù†
Matlosana Ward 22, Klerksdorp, Matlosana Local Municipality, Dr Kenneth Kaunda District Municipality, North West, South Africa
PurÃºs, Ucayali, PerÃº
Marakuru, Guadalcanal, Solomon Islands
æ»¨æµ·æ–°åŒº, å¤©æ´¥å¸‚, ä¸­å›½
Antofagasta, Provincia de Antofagasta, RegiÃ³n de Antofagasta, Chile
Ø¯Ù‡Ø³ØªØ§Ù† Ø­Ø³ÛŒÙ†ÛŒÙ‡, Ø¨Ø®Ø´ Ø§Ù„ÙˆØ§Ø±Ú¯Ø±Ù…Ø³ÛŒØ±ÛŒ, Ø´Ù‡Ø±Ø³ØªØ§Ù† Ø§Ù†Ø¯ÛŒÙ…Ø´Ú©, Ø§Ø³ØªØ§Ù† Ø®ÙˆØ²Ø³ØªØ§Ù†, Ø§ÛŒØ±Ø§Ù†
é‡œè°·å¤§é ˆé›„å‹?ç·š, å°¾å´Ž, çŸ³å·»å¸‚, å®®åŸŽçœŒ, 986-0201, æ—¥æœ¬
VÃ­a AserrÃ­o de GarichÃ© - San AndrÃ©s, Exquisito Abajo, El Roble, AserrÃ­o de GarichÃ©, Distrito Bugaba, ChiriquÃ­, PanamÃ¡
Ø¯Ù‡Ø³ØªØ§Ù† ÙˆØ­Ø¯Øª, Ø¨Ø®Ø´ Ù…Ø±Ú©Ø²ÛŒ Ø´Ù‡Ø±Ø³ØªØ§Ù† Ø²Ø±Ù†Ø¯, Ø´Ù‡Ø±Ø³ØªØ§Ù† Ø²Ø±Ù†Ø¯, Ø§Ø³ØªØ§Ù† Ú©Ø±Ù…Ø§Ù†, Ø§ÛŒØ±Ø§Ù†
ConstituciÃ³n, Oxapampa, Pasco, PerÃº
947, Ø¯Ù‡Ø³ØªØ§Ù† Ø­ÙˆÙ…Ù‡, Ø¨Ø®Ø´ Ù…Ø±Ú©Ø²ÛŒ, Ø´Ù‡Ø±Ø³ØªØ§Ù† Ù„Ø§Ø±Ø³ØªØ§Ù†, Ø§Ø³ØªØ§Ù† Ù?Ø§Ø±Ø³, Ø§ÛŒØ±Ø§Ù†
Moruroa, Tureia, Tuamotu-Gambier, PolynÃ©sie FranÃ§aise, 98784, France
Carretera Principal de Garabote Oeste, Parroquia La EstaciÃ³n, Municipio Ospino, Portuguesa, 3352, Venezuela
Ø¯Ù‡Ø³ØªØ§Ù† ÛŒØ²Ø¯Ø§Ù† Ø¢Ø¨Ø§Ø¯, Ø¨Ø®Ø´ ÛŒØ²Ø¯Ø§Ù† Ø¢Ø¨Ø§Ø¯, Ø´Ù‡Ø±Ø³ØªØ§Ù† Ø²Ø±Ù†Ø¯, Ø§Ø³ØªØ§Ù† Ú©Ø±Ù…Ø§Ù†, Ø§ÛŒØ±Ø§Ù†
å¤§å³¶ç”º, å¤§å³¶æ”¯åº?, æ?±äº¬éƒ½, 100-0103, æ—¥æœ¬
æ°—ä»™æ²¼å¸‚, å®®åŸŽçœŒ, æ—¥æœ¬
å¤ªç”°è¢‹, ä¹…å–œå¸‚, åŸ¼çŽ‰çœŒ, 346-0016, æ—¥æœ¬
ç›?æ¹–ä¹¡, à½‘à½‚à½ºà¼‹à½¢à¾’à¾±à½¦à¼‹à½¢à¾«à½¼à½„à¼‹ é?©å?‰åŽ¿, à½˜à½„à½ à¼‹à½¢à½²à½¦à¼‹à½¦à¼‹à½?à½´à½£à¼‹ é˜¿é‡Œåœ°åŒº, è¥¿è—?è‡ªæ²»åŒº - à½–à½¼à½‘à¼‹à½¢à½„à¼‹à½¦à¾?à¾±à½¼à½„à¼‹à½£à¾—à½¼à½„à½¦à¼?, ä¸­å›½
Ð“Ð¾Ñ€ÑšÐµ Ð›ÐµÐ²Ð¸Ñ›Ðµ, ÐžÐ¿ÑˆÑ‚Ð¸Ð½Ð° Ð‘Ñ€ÑƒÑ?, Ð Ð°Ñ?Ð¸Ð½Ñ?ÐºÐ¸ ÑƒÐ¿Ñ€Ð°Ð²Ð½Ð¸ Ð¾ÐºÑ€ÑƒÐ³, Ð¦ÐµÐ½Ñ‚Ñ€Ð°Ð»Ð½Ð° Ð¡Ñ€Ð±Ð¸Ñ˜Ð°, Ð¡Ñ€Ð±Ð¸Ñ˜Ð°
Marakuru, Guadalcanal, Solomon Islands
å?—ã?•ã?¤ã?¾å¸‚, é¹¿å…?å³¶çœŒ, æ—¥æœ¬
Î”Î·Î¼Î¿Ï„Î¹ÎºÎ® Î•Î½ÏŒÏ„Î·Ï„Î± Î•Î³Î½Î±Ï„Î¯Î±Ï‚, Î”Î®Î¼Î¿Ï‚ Î’ÏŒÎ»Î²Î·Ï‚, Î ÎµÏ?Î¹Ï†ÎµÏ?ÎµÎ¹Î±ÎºÎ® Î•Î½ÏŒÏ„Î·Ï„Î± Î˜ÎµÏƒÏƒÎ±Î»Î¿Î½Î¯ÎºÎ·Ï‚, Î ÎµÏ?Î¹Ï†Î­Ï?ÎµÎ¹Î± ÎšÎµÎ½Ï„Ï?Î¹ÎºÎ®Ï‚ ÎœÎ±ÎºÎµÎ´Î¿Î½Î¯Î±Ï‚, Î‘Ï€Î¿ÎºÎµÎ½Ï„Ï?Ï‰Î¼Î­Î½Î· Î”Î¹Î¿Î¯ÎºÎ·ÏƒÎ· ÎœÎ±ÎºÎµÎ´Î¿Î½Î¯Î±Ï‚ - Î˜Ï?Î¬ÎºÎ·Ï‚, Î•Î»Î»Î¬Ï‚
Gang Belanak, Lawang Agung, Bengkulu, Indonesia
Santa Barbara, Santa Barbara County, CAL Fire Southern Region, California, United States
Ø¯Ù‡Ø³ØªØ§Ù† Ø¯ÛŒÙ‡ÙˆÚ©, Ø¨Ø®Ø´ Ø¯ÛŒÙ‡ÙˆÚ©, Ø´Ù‡Ø±Ø³ØªØ§Ù† Ø·Ø¨Ø³, Ø§Ø³ØªØ§Ù† Ø®Ø±Ø§Ø³Ø§Ù† Ø¬Ù†ÙˆØ¨ÛŒ, Ø§ÛŒØ±Ø§Ù†
Chagua, VillazÃ³n, Provincia Modesto Omiste, PotosÃ­, Bolivia
Moruroa, Tureia, Tuamotu-Gambier, PolynÃ©sie FranÃ§aise, 98784, France
Ø¯Ù‡Ø³ØªØ§Ù† Ù¾ÛŒØ§Ù†, Ø¨Ø®Ø´ Ù…Ø±Ú©Ø²ÛŒ, Ø´Ù‡Ø±Ø³ØªØ§Ù† Ø§ÛŒØ°Ù‡, Ø§Ø³ØªØ§Ù† Ø®ÙˆØ²Ø³ØªØ§Ù†, Ø§ÛŒØ±Ø§Ù†
Padre Abad, Ucayali, PerÃº
Ø¯Ù‡Ø³ØªØ§Ù† Ù…Ú†Ø§Ù†, Ø¨Ø®Ø´ Ø³Ø±Ø¨Ø§Ø², Ø´Ù‡Ø±Ø³ØªØ§Ù† Ø³Ø±Ø¨Ø§Ø², Ø§Ø³ØªØ§Ù† Ø³ÛŒØ³ØªØ§Ù† Ùˆ Ø¨Ù„ÙˆÚ†Ø³ØªØ§Ù†, Ø§ÛŒØ±Ø§Ù†
Ø¯Ù‡Ø³ØªØ§Ù† Ù…Ú†Ø§Ù†, Ø¨Ø®Ø´ Ø³Ø±Ø¨Ø§Ø², Ø´Ù‡Ø±Ø³ØªØ§Ù† Ø³Ø±Ø¨Ø§Ø², Ø§Ø³ØªØ§Ù† Ø³ÛŒØ³ØªØ§Ù† Ùˆ Ø¨Ù„ÙˆÚ†Ø³ØªØ§Ù†, Ø§ÛŒØ±Ø§Ù†
Ø¯Ù‡Ø³ØªØ§Ù† Ù‚Ø§Ø¦Ù†, Ø¨Ø®Ø´ Ù…Ø±Ú©Ø²ÛŒ, Ø´Ù‡Ø±Ø³ØªØ§Ù† Ù‚Ø§Ø¦Ù†Ø§Øª, Ø§Ø³ØªØ§Ù† Ø®Ø±Ø§Ø³Ø§Ù† Ø¬Ù†ÙˆØ¨ÛŒ, Ø§ÛŒØ±Ø§Ù†
Ø¯Ù‡Ø³ØªØ§Ù† Ø¯ÛŒÙ‡ÙˆÚ©, Ø¨Ø®Ø´ Ø¯ÛŒÙ‡ÙˆÚ©, Ø´Ù‡Ø±Ø³ØªØ§Ù† Ø·Ø¨Ø³, Ø§Ø³ØªØ§Ù† Ø®Ø±Ø§Ø³Ø§Ù† Ø¬Ù†ÙˆØ¨ÛŒ, Ø§ÛŒØ±Ø§Ù†
Characta, NicolÃ¡s de PiÃ©rola, CamanÃ¡, Arequipa, PerÃº
TÃ³ngora, San Francisco del Cabo, San Francisco, Muisne, Esmeraldas, Ecuador
Calama, Provincia de El Loa, RegiÃ³n de Antofagasta, 1395584, Chile
OllagÃ¼e, Provincia de El Loa, RegiÃ³n de Antofagasta, Chile
San Pablo, Valera, BongarÃ¡, Amazonas, PerÃº
Antofagasta, Provincia de Antofagasta, RegiÃ³n de Antofagasta, Chile
æ¢…åº„æ?‘, å?—æ¸¡é•‡, æº§é˜³å¸‚, å¸¸å·žå¸‚, æ±Ÿè‹?çœ?, 213300, ä¸­å›½
ä¸‹æ?¾å¸‚, å±±å?£çœŒ, æ—¥æœ¬
Moruroa, Tureia, Tuamotu-Gambier, PolynÃ©sie FranÃ§aise, 98784, France
Calle El GorriÃ³n, Palmar Sur, Palmar, CantÃ³n Osa, Provincia Puntarenas, 60502, Costa Rica
Naoneban, Luganville, Sanma, Vanuatu
è¥¿ä¹‹è¡¨å¸‚, é¹¿å…?å³¶çœŒ, æ—¥æœ¬
Andoas, Datem del MaraÃ±Ã³n, Loreto, PerÃº
Mexicali, Municipio de Mexicali, Baja California, 21000, MÃ©xico
Ø¯Ù‡Ø³ØªØ§Ù† Ù‚Ø§Ø¦Ù†, Ø¨Ø®Ø´ Ù…Ø±Ú©Ø²ÛŒ, Ø´Ù‡Ø±Ø³ØªØ§Ù† Ù‚Ø§Ø¦Ù†Ø§Øª, Ø§Ø³ØªØ§Ù† Ø®Ø±Ø§Ø³Ø§Ù† Ø¬Ù†ÙˆØ¨ÛŒ, Ø§ÛŒØ±Ø§Ù†
Ø¯Ù‡Ø³ØªØ§Ù† Ù‚Ø§Ø¦Ù†, Ø¨Ø®Ø´ Ù…Ø±Ú©Ø²ÛŒ, Ø´Ù‡Ø±Ø³ØªØ§Ù† Ù‚Ø§Ø¦Ù†Ø§Øª, Ø§Ø³ØªØ§Ù† Ø®Ø±Ø§Ø³Ø§Ù† Ø¬Ù†ÙˆØ¨ÛŒ, Ø§ÛŒØ±Ø§Ù†
Ø¯Ù‡Ø³ØªØ§Ù† Ú©ÛŒØ¨Ø±, Ø¨Ø®Ø´ Ø¬Ù„Ú¯Ù‡ Ø²ÙˆØ²Ù†, Ø´Ù‡Ø±Ø³ØªØ§Ù† Ø®ÙˆØ§Ù?, Ø§Ø³ØªØ§Ù† Ø®Ø±Ø§Ø³Ø§Ù† Ø±Ø¶ÙˆÛŒ, Ø§ÛŒØ±Ø§Ù†
é‡§è·¯å¸‚, é‡§è·¯ç·?å?ˆæŒ¯èˆˆå±€, åŒ—æµ·é?“, æ—¥æœ¬
Linares, Provincia de Linares, RegiÃ³n del Maule, Chile
Ø¯Ù‡Ø³ØªØ§Ù† Ù†Ø®Ù„Ø³ØªØ§Ù†, Ø¨Ø®Ø´ Ù…Ø±Ú©Ø²ÛŒ, Ø´Ù‡Ø±Ø³ØªØ§Ù† Ø·Ø¨Ø³, Ø§Ø³ØªØ§Ù† Ø®Ø±Ø§Ø³Ø§Ù† Ø¬Ù†ÙˆØ¨ÛŒ, Ø§ÛŒØ±Ø§Ù†
Moruroa, Tureia, Tuamotu-Gambier, PolynÃ©sie FranÃ§aise, 98784, France
è€?å¯Œèˆžé¶´ç·š, ç¶¾éƒ¨å¸‚, äº¬éƒ½åºœ, 625-0011, æ—¥æœ¬
Ø¯Ù‡Ø³ØªØ§Ù† Ø®Ø·Ø¨Ù‡ Ø³Ø±Ø§, Ø¨Ø®Ø´ Ú©Ø±Ú¯Ø§Ù† Ø±ÙˆØ¯, Ø´Ù‡Ø±Ø³ØªØ§Ù† Ø·ÙˆØ§Ù„Ø´, Ø§Ø³ØªØ§Ù† Ú¯ÛŒÙ„Ø§Ù†, Ø§ÛŒØ±Ø§Ù†
ÐŸÐ»Ð°Ð½Ð¸Ð½Ð°Ñ€Ñ?ÐºÐ° Ñ‚Ñ€Ð°Ð½Ñ?Ð²ÐµÑ€Ð·Ð°Ð»Ð° â€žÐˆÐ¾Ñ?Ð¸Ñ„ ÐŸÐ°Ð½Ñ‡Ð¸Ñ›â€œ, Ð‘Ñ€Ð·ÐµÑ›Ðµ, ÐžÐ¿ÑˆÑ‚Ð¸Ð½Ð° Ð‘Ñ€ÑƒÑ?, Ð Ð°Ñ?Ð¸Ð½Ñ?ÐºÐ¸ ÑƒÐ¿Ñ€Ð°Ð²Ð½Ð¸ Ð¾ÐºÑ€ÑƒÐ³, Ð¦ÐµÐ½Ñ‚Ñ€Ð°Ð»Ð½Ð° Ð¡Ñ€Ð±Ð¸Ñ˜Ð°, 36354, Ð¡Ñ€Ð±Ð¸Ñ˜Ð°
Calama, Provincia de El Loa, RegiÃ³n de Antofagasta, 1395584, Chile
Moruroa, Tureia, Tuamotu-Gambier, PolynÃ©sie FranÃ§aise, 98784, France
ä¼Šæ?±å¸‚, é?™å²¡çœŒ, æ—¥æœ¬
Î‘Î³Ï?Î¹Î¬, Î”Î®Î¼Î¿Ï‚ Î’ÏŒÎ»Î¿Ï…, Î ÎµÏ?Î¹Ï†ÎµÏ?ÎµÎ¹Î±ÎºÎ® Î•Î½ÏŒÏ„Î·Ï„Î± ÎœÎ±Î³Î½Î·ÏƒÎ¯Î±Ï‚, Î ÎµÏ?Î¹Ï†Î­Ï?ÎµÎ¹Î± Î˜ÎµÏƒÏƒÎ±Î»Î¯Î±Ï‚, Î‘Ï€Î¿ÎºÎµÎ½Ï„Ï?Ï‰Î¼Î­Î½Î· Î”Î¹Î¿Î¯ÎºÎ·ÏƒÎ· Î˜ÎµÏƒÏƒÎ±Î»Î¯Î±Ï‚ - Î£Ï„ÎµÏ?ÎµÎ¬Ï‚ Î•Î»Î»Î¬Î´Î¿Ï‚, 373 00, Î•Î»Î»Î¬Ï‚
Moruroa, Tureia, Tuamotu-Gambier, PolynÃ©sie FranÃ§aise, 98784, France
Bilami, Babala, Sanphebagar, à¤…à¤›à¤¾à¤®, Sudurpashchim Pradesh, à¤¨à¥‡à¤ªà¤¾à¤²
Johanna, Daulichaur, Surma, à¤¬à¤?à¤¾à¤™, Sudurpashchim Pradesh, à¤¨à¥‡à¤ªà¤¾à¤²
Puerto Barrios, Izabal, Guatemala
Pyin Ka Nu Kone, á€œá€•á€½á€?á€¹á€?á€¬, Labutta, á€§á€›á€¬á€?á€?á€®á€?á€­á€¯á€„á€ºá€¸á€’á€±á€žá€€á€¼á€®á€¸, á€™á€¼á€”á€ºá€™á€¬
ä»Šäº•ä¸‰ä¸?ç›®, è¢–ã‚±æµ¦å¸‚, å?ƒè‘‰çœŒ, 299-0263, æ—¥æœ¬
æµ·ä¿?, å¸‚åŽŸå¸‚, å?ƒè‘‰çœŒ, 290-0256, æ—¥æœ¬
Cherait, Chlef Ø§Ù„Ø´Ù„Ù?, Ø¯Ø§Ø¦Ø±Ø© Ø§Ù„Ø´Ù„Ù?, Chlef âµ›âµ›âµ?â´»â´¼ Ø§Ù„Ø´Ù„Ù?, 02060, AlgÃ©rie / âµ?âµ£âµ£â´°âµ¢â´»âµ” / Ø§Ù„Ø¬Ø²Ø§Ø¦Ø±
RN 65, Tacheta Zougagha, Tacheta Zoughagha, DaÃ¯ra El Abadia, AÃ¯n Defla âµ„âµ‰âµ? â´·â´»â´¼âµ?â´° Ø¹ÙŠÙ† Ø§Ù„Ø¯Ù?Ù„Ù‰, AlgÃ©rie / âµ?âµ£âµ£â´°âµ¢â´»âµ” / Ø§Ù„Ø¬Ø²Ø§Ø¦Ø±
Ø¯Ù‡Ø³ØªØ§Ù† Ù…Ø§Ø²Ùˆ, Ø¨Ø®Ø´ Ø§Ù„ÙˆØ§Ø±Ú¯Ø±Ù…Ø³ÛŒØ±ÛŒ, Ø´Ù‡Ø±Ø³ØªØ§Ù† Ø§Ù†Ø¯ÛŒÙ…Ø´Ú©, Ø§Ø³ØªØ§Ù† Ø®ÙˆØ²Ø³ØªØ§Ù†, Ø§ÛŒØ±Ø§Ù†
Moruroa, Tureia, Tuamotu-Gambier, PolynÃ©sie FranÃ§aise, 98784, France
Canton Pelcoya, Municipio San Pedro de Quemes, Provincia Nor LÃ­pez, PotosÃ­, Bolivia
æ—¥å?‘å¸‚, å®®å´ŽçœŒ, æ—¥æœ¬
Ø¢Ø²Ø§Ø¯Ø±Ø§Ù‡ Ù‚Ù… - Ø³Ù„Ù?Ú†Ú¯Ø§Ù† - Ø±Ø§Ù‡Ø¬Ø±Ø¯ - Ø§Ø±Ø§Ú©, Ø¯Ù‡Ø³ØªØ§Ù† Ø±Ø§Ù‡Ø¬Ø±Ø¯ Ø´Ø±Ù‚ÛŒ, Ø¨Ø®Ø´ Ø³Ù„Ù?Ú†Ú¯Ø§Ù†, Ø´Ù‡Ø±Ø³ØªØ§Ù† Ù‚Ù…, Ø§Ø³ØªØ§Ù† Ù‚Ù…, Ø§ÛŒØ±Ø§Ù†
Ø¯Ù‡Ø³ØªØ§Ù† Ø±Ø§Ù‡Ø¬Ø±Ø¯ Ø´Ø±Ù‚ÛŒ, Ø¨Ø®Ø´ Ø³Ù„Ù?Ú†Ú¯Ø§Ù†, Ø´Ù‡Ø±Ø³ØªØ§Ù† Ù‚Ù…, Ø§Ø³ØªØ§Ù† Ù‚Ù…, Ø§ÛŒØ±Ø§Ù†
CW 4, Ath Youcef (Lethnine), Tacheta Zoughagha, DaÃ¯ra El Abadia, AÃ¯n Defla âµ„âµ‰âµ? â´·â´»â´¼âµ?â´° Ø¹ÙŠÙ† Ø§Ù„Ø¯Ù?Ù„Ù‰, AlgÃ©rie / âµ?âµ£âµ£â´°âµ¢â´»âµ” / Ø§Ù„Ø¬Ø²Ø§Ø¦Ø±
AcarÃ­, CaravelÃ­, Arequipa, PerÃº
å¥„ç¾Žå¸‚, é¹¿å…?å³¶çœŒ, æ—¥æœ¬
ÎšÎ¿Î¹Î½ÏŒÏ„Î·Ï„Î± Î§ÏŽÏƒÏ„Î¹Î±, Î”Î·Î¼Î¿Ï„Î¹ÎºÎ® Î•Î½ÏŒÏ„Î·Ï„Î± Î˜Î¯ÏƒÎ²Î·Ï‚, Î”Î®Î¼Î¿Ï‚ Î˜Î·Î²Î±Î¯Ï‰Î½, Î ÎµÏ?Î¹Ï†ÎµÏ?ÎµÎ¹Î±ÎºÎ® Î•Î½ÏŒÏ„Î·Ï„Î± Î’Î¿Î¹Ï‰Ï„Î¯Î±Ï‚, Î ÎµÏ?Î¹Ï†Î­Ï?ÎµÎ¹Î± Î£Ï„ÎµÏ?ÎµÎ¬Ï‚ Î•Î»Î»Î¬Î´Î¿Ï‚, Î‘Ï€Î¿ÎºÎµÎ½Ï„Ï?Ï‰Î¼Î­Î½Î· Î”Î¹Î¿Î¯ÎºÎ·ÏƒÎ· Î˜ÎµÏƒÏƒÎ±Î»Î¯Î±Ï‚ - Î£Ï„ÎµÏ?ÎµÎ¬Ï‚ Î•Î»Î»Î¬Î´Î¿Ï‚, 320 10, Î•Î»Î»Î¬Ï‚
Î Î»Î±Ï„Î±Î¹Î­Ï‚, Î”Î·Î¼Î¿Ï„Î¹ÎºÎ® Î•Î½ÏŒÏ„Î·Ï„Î± Î Î»Î±Ï„Î±Î¹ÏŽÎ½, Î”Î®Î¼Î¿Ï‚ Î˜Î·Î²Î±Î¯Ï‰Î½, Î ÎµÏ?Î¹Ï†ÎµÏ?ÎµÎ¹Î±ÎºÎ® Î•Î½ÏŒÏ„Î·Ï„Î± Î’Î¿Î¹Ï‰Ï„Î¯Î±Ï‚, Î ÎµÏ?Î¹Ï†Î­Ï?ÎµÎ¹Î± Î£Ï„ÎµÏ?ÎµÎ¬Ï‚ Î•Î»Î»Î¬Î´Î¿Ï‚, Î‘Ï€Î¿ÎºÎµÎ½Ï„Ï?Ï‰Î¼Î­Î½Î· Î”Î¹Î¿Î¯ÎºÎ·ÏƒÎ· Î˜ÎµÏƒÏƒÎ±Î»Î¯Î±Ï‚ - Î£Ï„ÎµÏ?ÎµÎ¬Ï‚ Î•Î»Î»Î¬Î´Î¿Ï‚, 322 00, Î•Î»Î»Î¬Ï‚
ÎšÎ¿Î¹Î½ÏŒÏ„Î·Ï„Î± Î•Ï?Ï…Î¸Ï?ÏŽÎ½, Î”Î·Î¼Î¿Ï„Î¹ÎºÎ® Î•Î½ÏŒÏ„Î·Ï„Î± Î•Ï?Ï…Î¸Ï?ÏŽÎ½, Î”Î®Î¼Î¿Ï‚ ÎœÎ¬Î½Î´Ï?Î±Ï‚ - Î•Î¹Î´Ï…Î»Î»Î¯Î±Ï‚, Î ÎµÏ?Î¹Ï†ÎµÏ?ÎµÎ¹Î±ÎºÎ® Î•Î½ÏŒÏ„Î·Ï„Î± Î”Ï…Ï„Î¹ÎºÎ®Ï‚ Î‘Ï„Ï„Î¹ÎºÎ®Ï‚, Î ÎµÏ?Î¹Ï†Î­Ï?ÎµÎ¹Î± Î‘Ï„Ï„Î¹ÎºÎ®Ï‚, Î‘Ï€Î¿ÎºÎµÎ½Ï„Ï?Ï‰Î¼Î­Î½Î· Î”Î¹Î¿Î¯ÎºÎ·ÏƒÎ· Î‘Ï„Ï„Î¹ÎºÎ®Ï‚, Î•Î»Î»Î¬Ï‚
Colchane, Provincia del Tamarugal, RegiÃ³n de TarapacÃ¡, Chile
Ù…Ø³ÛŒØ±Ú¯Ù„Ø¨Ø§Ù?, Ø¯Ù‡Ø³ØªØ§Ù† Ø¬ÙˆØ´Ø§Ù†, Ø¨Ø®Ø´ Ú¯Ù„Ø¨Ø§Ù?, Ø´Ù‡Ø±Ø³ØªØ§Ù† Ú©Ø±Ù…Ø§Ù†, Ø§Ø³ØªØ§Ù† Ú©Ø±Ù…Ø§Ù†, Ø§ÛŒØ±Ø§Ù†
Ø¯Ù‡Ø³ØªØ§Ù† Ø¯Ø´Øª Ø¨ÛŒÙ„, Ø¨Ø®Ø´ Ù…Ø±Ú©Ø²ÛŒ, Ø´Ù‡Ø±Ø³ØªØ§Ù† Ø§Ø´Ù†ÙˆÛŒÙ‡, Ø§Ø³ØªØ§Ù† Ø¢Ø°Ø±Ø¨Ø§ÛŒØ¬Ø§Ù† ØºØ±Ø¨ÛŒ, Ø§ÛŒØ±Ø§Ù†
Ø¯Ù‡Ø³ØªØ§Ù† Ø¬ÙˆØ´Ø§Ù†, Ø¨Ø®Ø´ Ú¯Ù„Ø¨Ø§Ù?, Ø´Ù‡Ø±Ø³ØªØ§Ù† Ú©Ø±Ù…Ø§Ù†, Ø§Ø³ØªØ§Ù† Ú©Ø±Ù…Ø§Ù†, Ø§ÛŒØ±Ø§Ù†
éŠšå­?å¸‚, å?ƒè‘‰çœŒ, æ—¥æœ¬
Cadiz, Negros Occidental, Western Visayas, 6121, Philippines
å·¨é¹¿åŽ¿, é‚¢å?°å¸‚, æ²³åŒ—çœ?, 055200, ä¸­å›½
é›„å·´ä¹¡, à½‘à½‚à½ºà¼‹à½¢à¾’à¾±à½¦à¼‹à½¢à¾«à½¼à½„à¼‹ é?©å?‰åŽ¿, à½˜à½„à½ à¼‹à½¢à½²à½¦à¼‹à½¦à¼‹à½?à½´à½£à¼‹ é˜¿é‡Œåœ°åŒº, è¥¿è—?è‡ªæ²»åŒº - à½–à½¼à½‘à¼‹à½¢à½„à¼‹à½¦à¾?à¾±à½¼à½„à¼‹à½£à¾—à½¼à½„à½¦à¼?, ä¸­å›½
äºšçƒ­ä¹¡, à½‘à½‚à½ºà¼‹à½¢à¾’à¾±à½¦à¼‹à½¢à¾«à½¼à½„à¼‹ é?©å?‰åŽ¿, à½˜à½„à½ à¼‹à½¢à½²à½¦à¼‹à½¦à¼‹à½?à½´à½£à¼‹ é˜¿é‡Œåœ°åŒº, è¥¿è—?è‡ªæ²»åŒº - à½–à½¼à½‘à¼‹à½¢à½„à¼‹à½¦à¾?à¾±à½¼à½„à¼‹à½£à¾—à½¼à½„à½¦à¼?, ä¸­å›½
æ°´æˆ¸å¸‚, èŒ¨åŸŽçœŒ, 311-0114, æ—¥æœ¬
Ayauca, Yauyos, Lima, PerÃº
å¤§æ­£ç”ºè¥¿, å¸¯åºƒå¸‚, å??å‹?ç·?å?ˆæŒ¯èˆˆå±€, åŒ—æµ·é?“, æ—¥æœ¬
Thesee, Moruroa, Tureia, Tuamotu-Gambier, PolynÃ©sie FranÃ§aise, 98784, France
San Luis de Llincag, San Pedro de ChaulÃ¡n, HuÃ¡nuco, PerÃº
ÐœÐ¾Ñ€Ñ?ÐºÐ°Ñ? Ð±Ð°Ð·Ð° Ð¡ÐµÐ²ÐµÑ€Ð¾-Ð’Ð¾Ñ?Ñ‚Ð¾Ñ‡Ð½Ð¾Ð³Ð¾ ÐŸÐ£ Ð‘Ðž Ð¤Ð¡Ð‘ Ð Ð¾Ñ?Ñ?Ð¸Ð¸, ÑƒÐ»Ð¸Ñ†Ð° ÐšÐ°Ð¿Ð¸Ñ‚Ð°Ð½Ð° Ð‘ÐµÐ»Ñ?ÐµÐ²Ð°, Ð›ÐµÐ½Ð¸Ð½Ñ?ÐºÐ¸Ð¹ Ñ€Ð°Ð¹Ð¾Ð½, ÐŸÐµÑ‚Ñ€Ð¾Ð¿Ð°Ð²Ð»Ð¾Ð²Ñ?Ðº-ÐšÐ°Ð¼Ñ‡Ð°Ñ‚Ñ?ÐºÐ¸Ð¹, Ð³Ð¾Ñ€Ð¾Ð´Ñ?ÐºÐ¾Ð¹ Ð¾ÐºÑ€ÑƒÐ³ ÐŸÐµÑ‚Ñ€Ð¾Ð¿Ð°Ð²Ð»Ð¾Ð²Ñ?Ðº-ÐšÐ°Ð¼Ñ‡Ð°Ñ‚Ñ?ÐºÐ¸Ð¹, ÐšÐ°Ð¼Ñ‡Ð°Ñ‚Ñ?ÐºÐ¸Ð¹ ÐºÑ€Ð°Ð¹, Ð”Ð°Ð»ÑŒÐ½ÐµÐ²Ð¾Ñ?Ñ‚Ð¾Ñ‡Ð½Ñ‹Ð¹ Ñ„ÐµÐ´ÐµÑ€Ð°Ð»ÑŒÐ½Ñ‹Ð¹ Ð¾ÐºÑ€ÑƒÐ³, 683010, Ð Ð¾Ñ?Ñ?Ð¸Ñ?
Ø¯Ù‡Ø³ØªØ§Ù† ØªÚ©Ø§Ø¨, Ø¨Ø®Ø´ Ø´Ù‡Ø¯Ø§Ø¯, Ø´Ù‡Ø±Ø³ØªØ§Ù† Ú©Ø±Ù…Ø§Ù†, Ø§Ø³ØªØ§Ù† Ú©Ø±Ù…Ø§Ù†, Ø§ÛŒØ±Ø§Ù†
å¾¡è”µå³¶æ?‘, ä¸‰å®…æ”¯åº?, æ?±äº¬éƒ½, æ—¥æœ¬
å¾¡è”µå³¶æ?‘, ä¸‰å®…æ”¯åº?, æ?±äº¬éƒ½, æ—¥æœ¬
å¾¡è”µå³¶æ?‘, ä¸‰å®…æ”¯åº?, æ?±äº¬éƒ½, æ—¥æœ¬
OllagÃ¼e, Provincia de El Loa, RegiÃ³n de Antofagasta, Chile
Camino a Laquinamaya, Municipio San AndrÃ©s de Machaca, Ingavi, La Paz, Bolivia
Calama, Provincia de El Loa, RegiÃ³n de Antofagasta, 1395584, Chile
Luis EcheverrÃ­a, Salina Cruz, Oaxaca, 70613, MÃ©xico
Salina Cruz, Oaxaca, 70650, MÃ©xico
Ø¯Ù‡Ø³ØªØ§Ù† Ø³Ù†Ø¯Ø±Ú©, Ø¨Ø®Ø´ Ø³Ù†Ø¯Ø±Ú©, Ø´Ù‡Ø±Ø³ØªØ§Ù† Ù…ÛŒÙ†Ø§Ø¨, Ø§Ø³ØªØ§Ù† Ù‡Ø±Ù…Ø²Ú¯Ø§Ù†, Ø§ÛŒØ±Ø§Ù†
ã?Šã?Šã?Ÿã?‹ã?®æ£®è¥¿äºŒä¸?ç›®, æµ?å±±å¸‚, å?ƒè‘‰çœŒ, 270-0137, æ—¥æœ¬
Calle Buenavista, KilÃ³metro 33, GuaycarÃ¡, CantÃ³n Golfito, Provincia Puntarenas, 60703, Costa Rica
Nieva, Condorcanqui, Amazonas, 01830, PerÃº
Teniente CÃ©sar LÃ³pez Rojas, Alto Amazonas, Loreto, PerÃº
Ø¯Ù‡Ø³ØªØ§Ù† Ù†Ø§Ù‡ÙˆÚ©, Ø¨Ø®Ø´ Ù…Ø±Ú©Ø²ÛŒ, Ø´Ù‡Ø±Ø³ØªØ§Ù† Ø³Ø±Ø§ÙˆØ§Ù†, Ø§Ø³ØªØ§Ù† Ø³ÛŒØ³ØªØ§Ù† Ùˆ Ø¨Ù„ÙˆÚ†Ø³ØªØ§Ù†, Ø§ÛŒØ±Ø§Ù†
Helenos, Moruroa, Tureia, Tuamotu-Gambier, PolynÃ©sie FranÃ§aise, 98784, France
Calle PeÃ±as, Conte Burica, CantÃ³n Golfito, Provincia Puntarenas, Costa Rica
Camarones, Provincia de Arica, RegiÃ³n de Arica y Parinacota, Chile
Moruroa, Tureia, Tuamotu-Gambier, PolynÃ©sie FranÃ§aise, 98784, France
ã?„ã‚?ã??å¸‚, ç¦?å³¶çœŒ, æ—¥æœ¬
Ø¯Ù‡Ø³ØªØ§Ù† Ø§ÛŒØ³ÛŒÙ†, Ø¨Ø®Ø´ Ù…Ø±Ú©Ø²ÛŒ Ø´Ù‡Ø±Ø³ØªØ§Ù† Ø¨Ù†Ø¯Ø±Ø¹Ø¨Ø§Ø³, Ø´Ù‡Ø±Ø³ØªØ§Ù† Ø¨Ù†Ø¯Ø±Ø¹Ø¨Ø§Ø³, Ø§Ø³ØªØ§Ù† Ù‡Ø±Ù…Ø²Ú¯Ø§Ù†, Ø§ÛŒØ±Ø§Ù†
Calama, Provincia de El Loa, RegiÃ³n de Antofagasta, 1395584, Chile
Ø²Ø±Ø´Ú©ÛŒ-Ø®Ø±Ù… Ú©Ø´, Ø¯Ù‡Ø³ØªØ§Ù† Ú¯ÛŒÙ„ÙˆØ§Ù†, Ø¨Ø®Ø´ Ù…Ø±Ú©Ø²ÛŒ, Ø´Ù‡Ø±Ø³ØªØ§Ù† Ø·Ø§Ø±Ù…, Ø§Ø³ØªØ§Ù† Ø²Ù†Ø¬Ø§Ù†, Ø§ÛŒØ±Ø§Ù†
æž—é?“è?½æ°´ç·š, è±Šå¾Œé«˜ç”°å¸‚, å¤§åˆ†çœŒ, æ—¥æœ¬
å¾¡è”µå³¶æ?‘, ä¸‰å®…æ”¯åº?, æ?±äº¬éƒ½, æ—¥æœ¬
Antofagasta, Provincia de Antofagasta, RegiÃ³n de Antofagasta, Chile
å‡‰å·žåŒº, æ­¦å¨?å¸‚, ç”˜è‚ƒçœ?, 733000, ä¸­å›½
Rinconada del Puruhuay, LurÃ­n, Lima, Lima Metropolitana, Lima, 15823, PerÃº
Marakuru, Guadalcanal, Solomon Islands
KÎ¿Î¹Î½ÏŒÏ„Î·Ï„Î± Î“Î»Ï…Ï†Î¬Î´Î±Ï‚, Î”Î·Î¼Î¿Ï„Î¹ÎºÎ® Î•Î½ÏŒÏ„Î·Ï„Î± Î¤Î¿Î»Î¿Ï†ÏŽÎ½Î¿Ï‚, Î”Î®Î¼Î¿Ï‚ Î”Ï‰Ï?Î¯Î´Î¿Ï‚, Î ÎµÏ?Î¹Ï†ÎµÏ?ÎµÎ¹Î±ÎºÎ® Î•Î½ÏŒÏ„Î·Ï„Î± Î¦Ï‰ÎºÎ¯Î´Î±Ï‚, Î ÎµÏ?Î¹Ï†Î­Ï?ÎµÎ¹Î± Î£Ï„ÎµÏ?ÎµÎ¬Ï‚ Î•Î»Î»Î¬Î´Î¿Ï‚, Î‘Ï€Î¿ÎºÎµÎ½Ï„Ï?Ï‰Î¼Î­Î½Î· Î”Î¹Î¿Î¯ÎºÎ·ÏƒÎ· Î˜ÎµÏƒÏƒÎ±Î»Î¯Î±Ï‚ - Î£Ï„ÎµÏ?ÎµÎ¬Ï‚ Î•Î»Î»Î¬Î´Î¿Ï‚, Î•Î»Î»Î¬Ï‚
Ozamiz, Misamis Occidental, Northern Mindanao, 7200, Philippines
Moruroa, Tureia, Tuamotu-Gambier, PolynÃ©sie FranÃ§aise, 98784, France
Mathi Loli gaun, à¤§à¥ˆà¤¨à¤•à¥‹à¤Ÿ, Soru, à¤®à¥?à¤—à¥?, Karnali Pradesh, à¤¨à¥‡à¤ªà¤¾à¤²
PÃ³lvora, Tocache, San MartÃ­n, PerÃº
Ruta D-655, Potrerillos Altos, Nueva Aurora, Ovalle, Provincia de LimarÃ­, RegiÃ³n de Coquimbo, Chile
å…«ä¸ˆæ”¯åº?, æ?±äº¬éƒ½, æ—¥æœ¬
å¥„ç¾Žå¸‚, é¹¿å…?å³¶çœŒ, æ—¥æœ¬
Antofagasta, Provincia de Antofagasta, RegiÃ³n de Antofagasta, Chile
ä¸­æ´¥å·?å¸‚, å²?é˜œçœŒ, 397-0201, æ—¥æœ¬
Moruroa, Tureia, Tuamotu-Gambier, PolynÃ©sie FranÃ§aise, 98784, France
Ovalle, Provincia de LimarÃ­, RegiÃ³n de Coquimbo, Chile
Alto Biavo, Bellavista, San MartÃ­n, PerÃº
Lycomede, Moruroa, Tureia, Tuamotu-Gambier, PolynÃ©sie FranÃ§aise, 98784, France
Nazca, Nasca, Ica, 11401, PerÃº
Calama, Provincia de El Loa, RegiÃ³n de Antofagasta, 1395584, Chile
Tshothang, Lauri Gewog, à½–à½¦à½˜à¼‹à½‚à¾²à½´à½–à¼‹à½£à¾—à½¼à½„à½¦à¼‹à½˜à½?à½¢à¼‹à½¢à¾«à½¼à½„à¼‹à½?à½‚à¼‹, à½ à½–à¾²à½´à½‚à½¡à½´à½£à¼‹
ValparaÃ­so, Provincia de ValparaÃ­so, RegiÃ³n de ValparaÃ­so, Chile
ValparaÃ­so, Provincia de ValparaÃ­so, RegiÃ³n de ValparaÃ­so, Chile
Popeta Sur, Melipilla, Provincia de Melipilla, RegiÃ³n Metropolitana de Santiago, Chile
Santiago Nonualco, Departamento de La Paz, El Salvador
Pagadian, Zamboanga del Sur, Zamboanga Peninsula, 7016, Philippines
Municipio Cabezas, Provincia Cordillera, Santa Cruz, Bolivia
åŒ—ç§‹ç”°å¸‚, ç§‹ç”°çœŒ, æ—¥æœ¬
Î”Î®Î¼Î¿Ï‚ Î’ÏŒÎ»Î¿Ï…, Î ÎµÏ?Î¹Ï†ÎµÏ?ÎµÎ¹Î±ÎºÎ® Î•Î½ÏŒÏ„Î·Ï„Î± ÎœÎ±Î³Î½Î·ÏƒÎ¯Î±Ï‚, Î ÎµÏ?Î¹Ï†Î­Ï?ÎµÎ¹Î± Î˜ÎµÏƒÏƒÎ±Î»Î¯Î±Ï‚, Î‘Ï€Î¿ÎºÎµÎ½Ï„Ï?Ï‰Î¼Î­Î½Î· Î”Î¹Î¿Î¯ÎºÎ·ÏƒÎ· Î˜ÎµÏƒÏƒÎ±Î»Î¯Î±Ï‚ - Î£Ï„ÎµÏ?ÎµÎ¬Ï‚ Î•Î»Î»Î¬Î´Î¿Ï‚, 374 00, Î•Î»Î»Î¬Ï‚
Moruroa, Tureia, Tuamotu-Gambier, PolynÃ©sie FranÃ§aise, 98784, France
Coquimbo, Provincia de Elqui, RegiÃ³n de Coquimbo, Chile
Ruta P-586, Punta Morhuilla, Lebu, Provincia de Arauco, RegiÃ³n del BiobÃ­o, Chile
Municipio San Agustin, Provincia Enrique Baldivieso, PotosÃ­, Bolivia
Los Paltos, Llo Lleo, San Antonio, Provincia de San Antonio, RegiÃ³n de ValparaÃ­so, 2720000, Chile
é˜¿å¤«åˆ©ç¥žç¤¾ (Aburi Shurine), æœ¨ä¸‹è¡—é?“, ç¥žã€…å»», ç™½äº•å¸‚, å?ƒè‘‰çœŒ, 270-1412, æ—¥æœ¬
Ø¯Ù‡Ø³ØªØ§Ù† Ø§Ø³ØªØ±Ø¢Ø¨Ø§Ø¯, Ø¨Ø®Ø´ Ú©Ù…Ø§Ù„Ø§Ù†, Ø´Ù‡Ø±Ø³ØªØ§Ù† Ø¹Ù„ÛŒ Ø¢Ø¨Ø§Ø¯ Ú©ØªÙˆÙ„, Ø§Ø³ØªØ§Ù† Ú¯Ù„Ø³ØªØ§Ù†, Ø§ÛŒØ±Ø§Ù†
Esaâ€™ala District, Milne Bay, Southern Region, Papua Niugini
Caleta San Marcos, Iquique, Provincia de Iquique, RegiÃ³n de TarapacÃ¡, Chile
Municipio Santiago de Andamarca, Provincia Sud Carangas, Oruro, Bolivia
Area F (Willow River/Upper Fraser), Regional District of Fraser-Fort George, British Columbia, Canada
CallerÃ­a, Coronel Portillo, Ucayali, PerÃº
Ø¯Ù‡Ø³ØªØ§Ù† Ø³ÛŒÙ? Ø¢Ø¨Ø§Ø¯, Ø¨Ø®Ø´ Ù…Ø±Ú©Ø²ÛŒ, Ø´Ù‡Ø±Ø³ØªØ§Ù† Ø®Ù†Ø¬, Ø§Ø³ØªØ§Ù† Ù?Ø§Ø±Ø³, Ø§ÛŒØ±Ø§Ù†
Moruroa, Tureia, Tuamotu-Gambier, PolynÃ©sie FranÃ§aise, 98784, France
Carretera Regional RÃ­o Caribe - GÃ¼iria, Las Vegas, Guayabero, RÃ­o Caribe, Parroquia Rio Caribe, Parroquia Libertad, Municipio Arismendi, Sucre, 6164, Venezuela
LÃ©nakel, Tafea, Vanuatu
Illapel, Provincia de Choapa, RegiÃ³n de Coquimbo, 1930000, Chile
ÎšÎ¿Î¹Î½ÏŒÏ„Î·Ï„Î± Î’Î­Ï?Î³Î±Ï‚, Î”Î®Î¼Î¿Ï‚ ÎšÎ±Î»Î±Î¼Î¬Ï„Î±Ï‚, Î ÎµÏ?Î¹Ï†ÎµÏ?ÎµÎ¹Î±ÎºÎ® Î•Î½ÏŒÏ„Î·Ï„Î± ÎœÎµÏƒÏƒÎ·Î½Î¯Î±Ï‚, Î ÎµÏ?Î¹Ï†Î­Ï?ÎµÎ¹Î± Î ÎµÎ»Î¿Ï€Î¿Î½Î½Î®ÏƒÎ¿Ï…, Î‘Ï€Î¿ÎºÎµÎ½Ï„Ï?Ï‰Î¼Î­Î½Î· Î”Î¹Î¿Î¯ÎºÎ·ÏƒÎ· Î ÎµÎ»Î¿Ï€Î¿Î½Î½Î®ÏƒÎ¿Ï…, Î”Ï…Ï„Î¹ÎºÎ®Ï‚ Î•Î»Î»Î¬Î´Î±Ï‚ ÎºÎ±Î¹ Î™Î¿Î½Î¯Î¿Ï…, Î•Î»Î»Î¬Ï‚
ä¹…ä¹‹æµœç”ºç”°ä¹‹ç¶², ã?„ã‚?ã??å¸‚, ç¦?å³¶çœŒ, 979-0201, æ—¥æœ¬
æ–°å³¶æ?‘, å¤§å³¶æ”¯åº?, æ?±äº¬éƒ½, æ—¥æœ¬
Morona, Datem del MaraÃ±Ã³n, Loreto, PerÃº
å¤§èˆ¹æ¸¡å¸‚, å²©æ‰‹çœŒ, æ—¥æœ¬
Antofagasta, Provincia de Antofagasta, RegiÃ³n de Antofagasta, Chile
æ‹œåŸŽåŽ¿, Ø¦Ø§Ù‚Ø³Û‡ Û‹Ù‰Ù„Ø§ÙŠÙ‰ØªÙ‰â€Ž - é˜¿å…‹è‹?åœ°åŒºâ€Ž, æ–°ç–†ç»´å?¾å°”è‡ªæ²»åŒº, ä¸­å›½
BifurcaciÃ³n CaÃ±ete por RucapillÃ¡n, Angol, Provincia de Malleco, RegiÃ³n de la AraucanÃ­a, Chile
èŠ±åœŸæ²Ÿé•‡, èŒ«å´–å¸‚, æµ·è¥¿è’™å?¤æ—?è—?æ—?è‡ªæ²»å·ž, é?’æµ·çœ?, 816400, ä¸­å›½
Antofagasta, Provincia de Antofagasta, RegiÃ³n de Antofagasta, Chile
Antofagasta, Provincia de Antofagasta, RegiÃ³n de Antofagasta, Chile
Antofagasta, Provincia de Antofagasta, RegiÃ³n de Antofagasta, Chile
Antofagasta, Provincia de Antofagasta, RegiÃ³n de Antofagasta, Chile
Antofagasta, Provincia de Antofagasta, RegiÃ³n de Antofagasta, Chile
Antofagasta, Provincia de Antofagasta, RegiÃ³n de Antofagasta, Chile
ä¸Šè¶Šå¸‚, æ–°æ½ŸçœŒ, æ—¥æœ¬
Ø¯Ù‡Ø³ØªØ§Ù† Ù?ÛŒÙ†, Ø¨Ø®Ø´ Ù?ÛŒÙ†, Ø´Ù‡Ø±Ø³ØªØ§Ù† Ø¨Ù†Ø¯Ø±Ø¹Ø¨Ø§Ø³, Ø§Ø³ØªØ§Ù† Ù‡Ø±Ù…Ø²Ú¯Ø§Ù†, Ø§ÛŒØ±Ø§Ù†
å¤§èˆ¹æ¸¡å¸‚, å²©æ‰‹çœŒ, æ—¥æœ¬
Ø¯Ù‡Ø³ØªØ§Ù† Ø·Ø§Ø±Ù…, Ø¨Ø®Ø´ Ù…Ø±Ú©Ø²ÛŒ Ø´Ù‡Ø±Ø³ØªØ§Ù† Ø­Ø§Ø¬ÛŒ Ø¢Ø¨Ø§Ø¯, Ø´Ù‡Ø±Ø³ØªØ§Ù† Ø­Ø§Ø¬ÛŒ Ø¢Ø¨Ø§Ø¯, Ø§Ø³ØªØ§Ù† Ù‡Ø±Ù…Ø²Ú¯Ø§Ù†, Ø§ÛŒØ±Ø§Ù†
Playa Grande, Tongoy, Coquimbo, Provincia de Elqui, RegiÃ³n de Coquimbo, Chile
Moruroa, Tureia, Tuamotu-Gambier, PolynÃ©sie FranÃ§aise, 98784, France
Ruta B-125, Amincha, OllagÃ¼e, Provincia de El Loa, RegiÃ³n de Antofagasta, Chile
æž•å´Žå¸‚, é¹¿å…?å³¶çœŒ, æ—¥æœ¬
Camarones, Provincia de Arica, RegiÃ³n de Arica y Parinacota, Chile
å??å?‰ä¹¡, à½ à½–à¾²à½¼à½„à¼‹à½”à¼‹à½¢à¾«à½¼à½„à¼‹ ä»²å·´åŽ¿, æ—¥å–€åˆ™å¸‚, è¥¿è—?è‡ªæ²»åŒº - à½–à½¼à½‘à¼‹à½¢à½„à¼‹à½¦à¾?à¾±à½¼à½„à¼‹à½£à¾—à½¼à½„à½¦à¼?, ä¸­å›½
Ruta C-438, CopiapÃ³, Provincia de CopiapÃ³, RegiÃ³n de Atacama, Chile
Calama, Provincia de El Loa, RegiÃ³n de Antofagasta, 1395584, Chile
Campamento Villa San Lorenzo, Antofagasta, Provincia de Antofagasta, RegiÃ³n de Antofagasta, Chile
Municipio CharaÃ±a, Provincia Pacajes, La Paz, Bolivia
Moruroa, Tureia, Tuamotu-Gambier, PolynÃ©sie FranÃ§aise, 98784, France
Moruroa, Tureia, Tuamotu-Gambier, PolynÃ©sie FranÃ§aise, 98784, France
Moruroa, Tureia, Tuamotu-Gambier, PolynÃ©sie FranÃ§aise, 98784, France
Ø¯Ù‡Ø³ØªØ§Ù† Ú©ÙˆÙ‡ Ø´Ø§Ù‡, Ø¨Ø®Ø´ Ø§Ø­Ù…Ø¯ÛŒ, Ø´Ù‡Ø±Ø³ØªØ§Ù† Ø­Ø§Ø¬ÛŒ Ø¢Ø¨Ø§Ø¯, Ø§Ø³ØªØ§Ù† Ù‡Ø±Ù…Ø²Ú¯Ø§Ù†, Ø§ÛŒØ±Ø§Ù†
Punta de DÃ­az, CopiapÃ³, Provincia de CopiapÃ³, RegiÃ³n de Atacama, Chile
éº“éƒ·å±±éƒ¨å?œè»Šå ´ç·š, å¯Œè‰¯é‡Žå¸‚, ä¸Šå·?ç·?å?ˆæŒ¯èˆˆå±€, åŒ—æµ·é?“, 076-0015, æ—¥æœ¬
KÃ«rÃ§ukje, Bashkia TiranÃ«, Qarku i TiranÃ«s, ShqipÃ«ria Qendrore, 1036, ShqipÃ«ria
Finca La Trinidad, Municipio de Escuintla, Escuintla, Guatemala
Ø¯Ù‡Ø³ØªØ§Ù† Ø§Ù†Ø§Ø±Ø§Ù†, Ø¨Ø®Ø´ Ù…Ø±Ú©Ø²ÛŒ, Ø´Ù‡Ø±Ø³ØªØ§Ù† Ø¯Ù‡Ù„Ø±Ø§Ù†, Ø§Ø³ØªØ§Ù† Ø§ÛŒÙ„Ø§Ù…, Ø§ÛŒØ±Ø§Ù†
Municipio Soracachi, Provincia Cercado, Oruro, Bolivia
Biolley, CantÃ³n Buenos Aires, Provincia Puntarenas, 60308, Costa Rica
å?—å¤§è”µä¿?è‚²åœ’, ç¾Žè¡“é¤¨é€šã‚Š, å¤§è”µä¸€ä¸?ç›®, ä¸–ç”°è°·åŒº, æ?±äº¬éƒ½, 157-8510, æ—¥æœ¬
Sentani, Jayapura, Papua, 99532, Indonesia
Moruroa, Tureia, Tuamotu-Gambier, PolynÃ©sie FranÃ§aise, 98784, France
Municipio Santiago de Machaca, Provincia General JosÃ© Manuel Pando, La Paz, Bolivia
Moruroa, Tureia, Tuamotu-Gambier, PolynÃ©sie FranÃ§aise, 98784, France
Fiordland Community, Southland District, Southland, New Zealand/Aotearoa
Fiordland Community, Southland District, Southland, New Zealand/Aotearoa
BanÃ­, Peravia, 94000, RepÃºblica Dominicana
Colchane, Provincia del Tamarugal, RegiÃ³n de TarapacÃ¡, Chile
Lac-Ministuk, Le Fjord-du-Saguenay, Saguenayâ€“Lac-Saint-Jean, QuÃ©bec, Canada
Fangataufa, Tureia, Tuamotu-Gambier, PolynÃ©sie FranÃ§aise, 98784, France
Ø¯Ù‡Ø³ØªØ§Ù† Ø¨Ú©Ø´ ÛŒÚ©, Ø¨Ø®Ø´ Ù…Ø±Ú©Ø²ÛŒ, Ø´Ù‡Ø±Ø³ØªØ§Ù† Ù…Ù…Ø³Ù†ÛŒ, Ø§Ø³ØªØ§Ù† Ù?Ø§Ø±Ø³, Ø§ÛŒØ±Ø§Ù†
Long Road, Doorn, Matjhabeng Ward 32, Welkom, Matjhabeng Local Municipality, Lejweleputswa District Municipality, Free State, 9459, South Africa
Camino San Antonio de Lipez-Quetena Chico, Municipio San Pablo de Lipez, Provincia Sur LÃ­pez, PotosÃ­, Bolivia
è±Šé‡Žç”ºäºŒä¸?ç›®, æ˜¥æ—¥éƒ¨å¸‚, åŸ¼çŽ‰çœŒ, 344-0011, æ—¥æœ¬
å·´å¡˜åŽ¿, ç”˜å­œè—?æ—?è‡ªæ²»å·ž, å››å·?çœ?, ä¸­å›½
é«˜å€‰, æˆ?ç”°å¸‚, å?ƒè‘‰çœŒ, 286-0814, æ—¥æœ¬
è€¿é©¬åŽ¿, äº‘å?—çœ?, ä¸­å›½
Dindon, Moruroa, Tureia, Tuamotu-Gambier, PolynÃ©sie FranÃ§aise, 98784, France
Ø¯Ù‡Ø³ØªØ§Ù† Ø§Ù…Ø§Ù…Ø²Ø§Ø¯Ù‡ Ø¬Ø¹Ù?Ø±, Ø¨Ø®Ø´ Ù…Ø±Ú©Ø²ÛŒ, Ø´Ù‡Ø±Ø³ØªØ§Ù† Ú¯Ú†Ø³Ø§Ø±Ø§Ù†, Ø§Ø³ØªØ§Ù† Ú©Ù‡Ú¯ÛŒÙ„ÙˆÛŒÙ‡ Ùˆ Ø¨ÙˆÛŒØ± Ø§Ø­Ù…Ø¯, Ø§ÛŒØ±Ø§Ù†
Antofagasta, Provincia de Antofagasta, RegiÃ³n de Antofagasta, Chile
Fiordland Community, Southland District, Southland, New Zealand/Aotearoa
Fangataufa, Tureia, Tuamotu-Gambier, PolynÃ©sie FranÃ§aise, 98784, France
Municipio San Pablo de Lipez, Provincia Sur LÃ­pez, PotosÃ­, Bolivia
Bayugan, Agusan del Sur, Caraga, 8502, Philippines
Manseriche, Datem del MaraÃ±Ã³n, Loreto, PerÃº
é˜³é«˜åŽ¿, å¤§å?Œå¸‚, å±±è¥¿çœ?, ä¸­å›½
Canton Chiguana, Municipio San Pedro de Quemes, Provincia Nor LÃ­pez, PotosÃ­, Bolivia
ä¸œæº?åŽ¿, æ²³æº?å¸‚, å¹¿ä¸œçœ?, ä¸­å›½
Fangataufa, Tureia, Tuamotu-Gambier, PolynÃ©sie FranÃ§aise, 98784, France
RÃ­o Grande, Condesuyos, Arequipa, PerÃº
CallerÃ­a, Coronel Portillo, Ucayali, PerÃº
Ø¯Ù‡Ø³ØªØ§Ù† Ø³ÙˆØ±Ú©, Ø¨Ø®Ø´ Ù„ÛŒØ±Ø¯ÙˆÙ?, Ø´Ù‡Ø±Ø³ØªØ§Ù† Ø¬Ø§Ø³Ú©, Ø§Ø³ØªØ§Ù† Ù‡Ø±Ù…Ø²Ú¯Ø§Ù†, Ø§ÛŒØ±Ø§Ù†
æ—¥ç«‹å¸‚, èŒ¨åŸŽçœŒ, æ—¥æœ¬
RiviÃ¨re-Koksoak, á‘²á‘Žá••á’ƒ Kativik, Nord-du-QuÃ©bec, QuÃ©bec, Canada
èŠ±åœŸæ²Ÿé•‡, èŒ«å´–å¸‚, æµ·è¥¿è’™å?¤æ—?è—?æ—?è‡ªæ²»å·ž, é?’æµ·çœ?, 816400, ä¸­å›½
Ù…Ø³ÛŒØ± Ø®Ø§Ú©ÛŒ Ø±ÙˆØ³ØªØ§ÛŒ Ø´ÙˆØ±Ø¢Ø¨, Ø¯Ù‡Ø³ØªØ§Ù† Ø±Ø§Ø³ØªÙˆÙ¾ÛŒ, Ø¨Ø®Ø´ Ù…Ø±Ú©Ø²ÛŒ, Ø´Ù‡Ø±Ø³ØªØ§Ù† Ø³ÙˆØ§Ø¯Ú©ÙˆÙ‡, Ø§Ø³ØªØ§Ù† Ù…Ø§Ø²Ù†Ø¯Ø±Ø§Ù†, Ø§ÛŒØ±Ø§Ù†
æ ¹å®¤å¸‚, æ ¹å®¤æŒ¯èˆˆå±€, åŒ—æµ·é?“, æ—¥æœ¬
å¤§å³¶ç”º, å¤§å³¶æ”¯åº?, æ?±äº¬éƒ½, 100-0103, æ—¥æœ¬
Municipio YapacanÃ­, Provincia Ichilo, Santa Cruz, Bolivia
Andoas, Datem del MaraÃ±Ã³n, Loreto, PerÃº
é¹¿åŽŸ, èˆžé¶´å¸‚, äº¬éƒ½åºœ, 625-0011, æ—¥æœ¬
Ruta L-429, Llanuras de Monta;a, Brisas de Ancoa, Linares, Provincia de Linares, RegiÃ³n del Maule, Chile
Mayorga, CantÃ³n Liberia, Provincia Guanacaste, 50103, Costa Rica
ä¸Šè²?å¡š, å¤§ç¶²ç™½é‡Œå¸‚, å?ƒè‘‰çœŒ, 299-4113, æ—¥æœ¬
Tomil, Yap, Micronesia
Ø¬ÛŒØ±Ù†Ø¯Ù‡, Ø¯Ù‡Ø³ØªØ§Ù† Ø¬ÛŒØ±Ù†Ø¯Ù‡, Ø¨Ø®Ø´ Ø¹Ù…Ø§Ø±Ù„Ùˆ, Ø´Ù‡Ø±Ø³ØªØ§Ù† Ø±ÙˆØ¯Ø¨Ø§Ø±, Ø§Ø³ØªØ§Ù† Ú¯ÛŒÙ„Ø§Ù†, Ø§ÛŒØ±Ø§Ù†
Cypselos, Fangataufa, Tureia, Tuamotu-Gambier, PolynÃ©sie FranÃ§aise, 98784, France
è?‰æˆ˜æ²³ä¹¡, å®?è’—å½?æ—?è‡ªæ²»åŽ¿, ä¸½æ±Ÿå¸‚, äº‘å?—çœ?, ä¸­å›½
Ø¯Ù‡Ø³ØªØ§Ù† Ø¬ÙˆÙ† Ø¢Ø¨Ø§Ø¯, Ø¨Ø®Ø´ Ù„Ø§Ø¯ÛŒØ², Ø´Ù‡Ø±Ø³ØªØ§Ù† Ù…ÛŒØ±Ø¬Ø§ÙˆÙ‡, Ø§Ø³ØªØ§Ù† Ø³ÛŒØ³ØªØ§Ù† Ùˆ Ø¨Ù„ÙˆÚ†Ø³ØªØ§Ù†, Ø§ÛŒØ±Ø§Ù†
Raeotutemahuta, Martinborough Community, South Wairarapa District, Wellington, New Zealand/Aotearoa
Estancia Thola Mayu, Uyuni, Antonio Quijarro, PotosÃ­, Bolivia
Ø¯Ù‡Ø³ØªØ§Ù† Ø·Ø§Ø±Ù…, Ø¨Ø®Ø´ Ù…Ø±Ú©Ø²ÛŒ Ø´Ù‡Ø±Ø³ØªØ§Ù† Ø­Ø§Ø¬ÛŒ Ø¢Ø¨Ø§Ø¯, Ø´Ù‡Ø±Ø³ØªØ§Ù† Ø­Ø§Ø¬ÛŒ Ø¢Ø¨Ø§Ø¯, Ø§Ø³ØªØ§Ù† Ù‡Ø±Ù…Ø²Ú¯Ø§Ù†, Ø§ÛŒØ±Ø§Ù†
Ø¯Ù‡Ø³ØªØ§Ù† Ù?ÙˆØ±Ú¯, Ø¨Ø®Ø´ Ù?ÙˆØ±Ú¯, Ø´Ù‡Ø±Ø³ØªØ§Ù† Ø¯Ø§Ø±Ø§Ø¨, Ø§Ø³ØªØ§Ù† Ù?Ø§Ø±Ø³, Ø§ÛŒØ±Ø§Ù†
Hyrtacos, Fangataufa, Tureia, Tuamotu-Gambier, PolynÃ©sie FranÃ§aise, 98784, France
Ø¢Ø¨Ø§Ø¯, Ø¯Ù‡Ø³ØªØ§Ù† Ø§Ù‡Ø±Ù…, Ø¨Ø®Ø´ Ù…Ø±Ú©Ø²ÛŒ, Ø´Ù‡Ø±Ø³ØªØ§Ù† ØªÙ†Ú¯Ø³ØªØ§Ù†, Ø§Ø³ØªØ§Ù† Ø¨ÙˆØ´Ù‡Ø±, Ø§ÛŒØ±Ø§Ù†
æŸ¯å?ªåŽ¿, Ø¦Ø§Ù‚Ø³Û‡ Û‹Ù‰Ù„Ø§ÙŠÙ‰ØªÙ‰â€Ž - é˜¿å…‹è‹?åœ°åŒºâ€Ž, æ–°ç–†ç»´å?¾å°”è‡ªæ²»åŒº, ä¸­å›½
Antofagasta, Provincia de Antofagasta, RegiÃ³n de Antofagasta, Chile
San Francisco, AwajÃºn, Rioja, San MartÃ­n, PerÃº
Barrio Nuevo, Yauca del Rosario, Ica, PerÃº
ConstituciÃ³n, Oxapampa, Pasco, PerÃº
Valle La Estrella, CantÃ³n LimÃ³n, Provincia LimÃ³n, 70102, Costa Rica
Ebais Noribata - JalariÃ±ak, Calle Ã‘oribata, Ã‘oribata, ChirripÃ³, CantÃ³n Turrialba, Provincia Cartago, 30512, Costa Rica
Municipio San Pablo de Lipez, Provincia Sur LÃ­pez, PotosÃ­, Bolivia
Periclymentos, Fangataufa, Tureia, Tuamotu-Gambier, PolynÃ©sie FranÃ§aise, 98784, France
éŠšå­?å¸‚, å?ƒè‘‰çœŒ, æ—¥æœ¬
Coyhaique, Provincia de Coyhaique, RegiÃ³n AysÃ©n del General Carlos IbÃ¡Ã±ez del Campo, Chile
Coyhaique, Provincia de Coyhaique, RegiÃ³n AysÃ©n del General Carlos IbÃ¡Ã±ez del Campo, Chile
å¸ƒéƒ¨å®‰æ?¥ç·š, ä¸Šå?‰ç”°ç”º, å®‰æ?¥å¸‚, å³¶æ ¹çœŒ, 692-0064, æ—¥æœ¬
G315, é”¡é“?å±±é•‡ à½žà½²à½¦à¼‹à½?à½ºà½ à½´à¼‹à½§à½“à¼‹, å¤§æŸ´æ—¦è¡Œæ”¿å§”å‘˜ä¼š, æµ·è¥¿è’™å?¤æ—?è—?æ—?è‡ªæ²»å·ž, é?’æµ·çœ?, 816200, ä¸­å›½
Municipio San Pablo de Lipez, Provincia Sur LÃ­pez, PotosÃ­, Bolivia
Ø¯Ù‡Ø³ØªØ§Ù† Ø¯ÙˆØ¯Ø§Ù†Ú¯Ù‡, Ø¨Ø®Ø´ Ù…Ø±Ú©Ø²ÛŒ, Ø´Ù‡Ø±Ø³ØªØ§Ù† Ø¨Ù‡Ø¨Ù‡Ø§Ù†, Ø§Ø³ØªØ§Ù† Ø®ÙˆØ²Ø³ØªØ§Ù†, Ø§ÛŒØ±Ø§Ù†
InclÃ¡n, Tacna, PerÃº
æ?‘å±±å¸‚, å±±å½¢çœŒ, 999-3511, æ—¥æœ¬
Canton Pelcoya, Municipio San Pedro de Quemes, Provincia Nor LÃ­pez, PotosÃ­, Bolivia
ä¸‰æµ¦å¸‚, ç¥žå¥ˆå·?çœŒ, 238-0298, æ—¥æœ¬
å¸®è¾›ä¹¡, à½˜à½ºà¼‹à½?à½¼à½‚à¼‹à½¢à¾«à½¼à½„à¼‹ å¢¨è„±åŽ¿, æž—èŠ?å¸‚, è¥¿è—?è‡ªæ²»åŒº - à½–à½¼à½‘à¼‹à½¢à½„à¼‹à½¦à¾?à¾±à½¼à½„à¼‹à½£à¾—à½¼à½„à½¦à¼?, ä¸­å›½
Antofagasta, Provincia de Antofagasta, RegiÃ³n de Antofagasta, Chile
Bajos del Toro, Toro Amarillo, CantÃ³n SarchÃ­, Provincia Alajuela, 21203, Costa Rica
Erzincan-Erzurum yolu, Erzincan, HancÄ±Ã§iftliÄŸi, Erzincan Merkez, Erzincan, DoÄŸu Anadolu BÃ¶lgesi, TÃ¼rkiye
á€€á€»á€½á€”á€ºá€¸á€?á€±á€¬, á€–á€±á€¬á€„á€ºá€¸á€•á€¼á€„á€º, á€™á€±á€¬á€ºá€œá€­á€¯á€€á€ºá€?á€›á€­á€¯á€„á€º, á€…á€…á€ºá€€á€­á€¯á€„á€ºá€¸á€?á€­á€¯á€„á€ºá€¸ (Sagaing), á€™á€¼á€”á€ºá€™á€¬
Canton Cahuana, Municipio Llica, Daniel Campos, PotosÃ­, Bolivia
á€€á€±á€¬á€„á€ºá€?á€«á€¸, å¼„åˆ‡åŒº, á€?á€€á€­á€¯á€šá€ºá€•á€­á€¯á€„á€ºá€¡á€¯á€•á€ºá€?á€»á€¯á€•á€ºá€?á€½á€„á€·á€ºá€›á€?á€­á€¯á€„á€ºá€¸ ä½¤é‚¦è‡ªæ²»åŒº, å‹?èƒ½åŽ¿, á€›á€¾á€™á€ºá€¸á€•á€¼á€Šá€ºá€”á€šá€ºá€™á€¼á€±á€¬á€€á€ºá€•á€­á€¯á€„á€ºá€¸, á€›á€¾á€™á€ºá€¸á€•á€¼á€Šá€ºá€”á€šá€º Shan State, ä½¤é‚¦ï¼ˆåŒ—éƒ¨åœ°åŒºï¼‰ á€?á€•á€¼á€Šá€ºá€”á€šá€º (á€™á€¼á€±á€¬á€€á€ºá€•á€­á€¯á€„á€ºá€¸), á€™á€¼á€”á€ºá€™á€¬
çº³é«˜åŒº, á€?á€€á€­á€¯á€šá€ºá€•á€­á€¯á€„á€ºá€¡á€¯á€•á€ºá€?á€»á€¯á€•á€ºá€?á€½á€„á€·á€ºá€›á€?á€­á€¯á€„á€ºá€¸ ä½¤é‚¦è‡ªæ²»åŒº, å‹?èƒ½åŽ¿, á€›á€¾á€™á€ºá€¸á€•á€¼á€Šá€ºá€”á€šá€ºá€™á€¼á€±á€¬á€€á€ºá€•á€­á€¯á€„á€ºá€¸, á€›á€¾á€™á€ºá€¸á€•á€¼á€Šá€ºá€”á€šá€º Shan State, ä½¤é‚¦ï¼ˆåŒ—éƒ¨åœ°åŒºï¼‰ á€?á€•á€¼á€Šá€ºá€”á€šá€º (á€™á€¼á€±á€¬á€€á€ºá€•á€­á€¯á€„á€ºá€¸), á€™á€¼á€”á€ºá€™á€¬
LeÃ³n (Municipio), LeÃ³n, 21000, Nicaragua
Ø¯Ù‡Ø³ØªØ§Ù† Ø¯Ø±Ø¢Ú¯Ø§Ù‡, Ø¨Ø®Ø´ Ù…Ø±Ú©Ø²ÛŒ Ø´Ù‡Ø±Ø³ØªØ§Ù† Ø­Ø§Ø¬ÛŒ Ø¢Ø¨Ø§Ø¯, Ø´Ù‡Ø±Ø³ØªØ§Ù† Ø­Ø§Ø¬ÛŒ Ø¢Ø¨Ø§Ø¯, Ø§Ø³ØªØ§Ù† Ù‡Ø±Ù…Ø²Ú¯Ø§Ù†, Ø§ÛŒØ±Ø§Ù†
Andoas, Datem del MaraÃ±Ã³n, Loreto, PerÃº
å¸•å?¤ä¹¡, å°¼æœ¨åŽ¿, æ‹‰è?¨å¸‚, è¥¿è—?è‡ªæ²»åŒº - à½–à½¼à½‘à¼‹à½¢à½„à¼‹à½¦à¾?à¾±à½¼à½„à¼‹à½£à¾—à½¼à½„à½¦à¼?, ä¸­å›½
ä¸¹å¾Œç”ºé? ä¸‹, äº¬ä¸¹å¾Œå¸‚, äº¬éƒ½åºœ, 627-0241, æ—¥æœ¬
å?—ã?•ã?¤ã?¾å¸‚, é¹¿å…?å³¶çœŒ, æ—¥æœ¬
Es-Sifa Ø§Ù„Ø³ÙŠÙ?Ø§, caÃ¯dat d'Arab Sebbah Ziz Ù‚ÙŠØ§Ø¯Ø© Ø¹Ø±Ø¨ ØµØ¨Ø§Ø­ Ø²ÙŠØ², cercle d'Arfoud Ø¯Ø§Ø¦Ø±Ø© Ø£Ø±Ù?ÙˆØ¯, Province d'Errachidia Ø¥Ù‚Ù„ÙŠÙ… Ø§Ù„Ø±Ø´ÙŠØ¯ÙŠØ©, DrÃ¢a-Tafilalet â´·â´°âµ”âµ„â´°-âµœâ´°â´¼âµ‰âµ?â´°âµ?âµœ Ø¯Ø±Ø¹Ø© ØªØ§Ù?ÙŠÙ„Ø§Ù„Øª, Maroc / âµ?âµŽâµ–âµ”âµ‰â´± / Ø§Ù„Ù…ØºØ±Ø¨
Es-Sfalat Ø§Ù„Ø³Ù?Ù„Ø§Øª, caÃ¯dat d'Er-Rissani, cercle d'Er-Rissani, Province d'Errachidia Ø¥Ù‚Ù„ÙŠÙ… Ø§Ù„Ø±Ø´ÙŠØ¯ÙŠØ©, DrÃ¢a-Tafilalet â´·â´°âµ”âµ„â´°-âµœâ´°â´¼âµ‰âµ?â´°âµ?âµœ Ø¯Ø±Ø¹Ø© ØªØ§Ù?ÙŠÙ„Ø§Ù„Øª, 52453, Maroc / âµ?âµŽâµ–âµ”âµ‰â´± / Ø§Ù„Ù…ØºØ±Ø¨
Escuela BÃ¡sica JapÃ³n, Amado Nervo, Villa Las Condes, Antofagasta, Provincia de Antofagasta, RegiÃ³n de Antofagasta, 1240000, Chile
é?’é¾™ä¹¡, ç?­æˆˆåŽ¿, é‚£æ›²å¸‚, è¥¿è—?è‡ªæ²»åŒº - à½–à½¼à½‘à¼‹à½¢à½„à¼‹à½¦à¾?à¾±à½¼à½„à¼‹à½£à¾—à½¼à½„à½¦à¼?, ä¸­å›½
å®?æ´±åŽ¿, å®?æ´±å“ˆå°¼æ—?å½?æ—?è‡ªæ²»åŽ¿, æ™®æ´±å¸‚, äº‘å?—çœ?, 665000, ä¸­å›½
å·´æ¶¦å“ˆå°”èŽ«å¢©é•‡, å’Œé?™åŽ¿, å·´éŸ³éƒ­æ¥žè’™å?¤è‡ªæ²»å·ž, æ–°ç–†ç»´å?¾å°”è‡ªæ²»åŒº, ä¸­å›½
ç? æ´²å¸‚, çŸ³å·?çœŒ, æ—¥æœ¬
Vaisei, Sigave, Wallis-et-Futuna, 98620, France
Î™Ï„Î­Î±Ï‚ - Î‘Î½Ï„Î¹Ï?Ï?Î¯Î¿Ï…, Î†Î³Î¹Î¿Ï‚ Î?Î¹ÎºÏŒÎ»Î±Î¿Ï‚, KÎ¿Î¹Î½ÏŒÏ„Î·Ï„Î± ÎšÎ±Î»Î»Î¹Î¸Î­Î±Ï‚, Î”Î·Î¼Î¿Ï„Î¹ÎºÎ® Î•Î½ÏŒÏ„Î·Ï„Î± Î¤Î¿Î»Î¿Ï†ÏŽÎ½Î¿Ï‚, Î”Î®Î¼Î¿Ï‚ Î”Ï‰Ï?Î¯Î´Î¿Ï‚, Î ÎµÏ?Î¹Ï†ÎµÏ?ÎµÎ¹Î±ÎºÎ® Î•Î½ÏŒÏ„Î·Ï„Î± Î¦Ï‰ÎºÎ¯Î´Î±Ï‚, Î ÎµÏ?Î¹Ï†Î­Ï?ÎµÎ¹Î± Î£Ï„ÎµÏ?ÎµÎ¬Ï‚ Î•Î»Î»Î¬Î´Î¿Ï‚, Î‘Ï€Î¿ÎºÎµÎ½Ï„Ï?Ï‰Î¼Î­Î½Î· Î”Î¹Î¿Î¯ÎºÎ·ÏƒÎ· Î˜ÎµÏƒÏƒÎ±Î»Î¯Î±Ï‚ - Î£Ï„ÎµÏ?ÎµÎ¬Ï‚ Î•Î»Î»Î¬Î´Î¿Ï‚, 330 58, Î•Î»Î»Î¬Ï‚
Camino sin Salida, Municipio San Pablo de Lipez, Provincia Sur LÃ­pez, PotosÃ­, Bolivia
Santiago de Carampoma, Carampoma, HuarochirÃ­, Lima, PerÃº
Î“. Î£ÎµÏ†Î­Ï?Î·, ÎšÎ¿Ï…ÎºÎ¿Ï?Î»Î¹, 3Î· ÎšÎ¿Î¹Î½ÏŒÏ„Î·Ï„Î± Î Î±Ï„Ï?ÏŽÎ½ - Î‘Î½Î±Ï„Î¿Î»Î¹ÎºÏŒÏ‚ Î¤Î¿Î¼Î­Î±Ï‚, Î”Î·Î¼Î¿Ï„Î¹ÎºÎ® Î•Î½ÏŒÏ„Î·Ï„Î± Î Î±Ï„Ï?Î­Ï‰Î½, Î”Î®Î¼Î¿Ï‚ Î Î±Ï„Ï?Î­Ï‰Î½, Î ÎµÏ?Î¹Ï†ÎµÏ?ÎµÎ¹Î±ÎºÎ® Î•Î½ÏŒÏ„Î·Ï„Î± Î‘Ï‡Î±Î?Î±Ï‚, Î ÎµÏ?Î¹Ï†Î­Ï?ÎµÎ¹Î± Î”Ï…Ï„Î¹ÎºÎ®Ï‚ Î•Î»Î»Î¬Î´Î±Ï‚, Î‘Ï€Î¿ÎºÎµÎ½Ï„Ï?Ï‰Î¼Î­Î½Î· Î”Î¹Î¿Î¯ÎºÎ·ÏƒÎ· Î ÎµÎ»Î¿Ï€Î¿Î½Î½Î®ÏƒÎ¿Ï…, Î”Ï…Ï„Î¹ÎºÎ®Ï‚ Î•Î»Î»Î¬Î´Î±Ï‚ ÎºÎ±Î¹ Î™Î¿Î½Î¯Î¿Ï…, 263 33, Î•Î»Î»Î¬Ï‚
Municipio de Escuintla, Escuintla, 05001, Guatemala
Pastaza, Datem del MaraÃ±Ã³n, Loreto, PerÃº
Ruta B-195, Calama, Provincia de El Loa, RegiÃ³n de Antofagasta, Chile
ç±³å±±ç”ºä¸­æ´¥å±±, ç™»ç±³å¸‚, å®®åŸŽçœŒ, 987-0331, æ—¥æœ¬
Kendrick Main, Area A (Kyuquot/Nootka/Sayward), Strathcona Regional District, British Columbia, Canada
á€™á€¼á€…á€ºá€€á€¼á€®á€¸á€”á€¬á€¸, á€™á€¼á€…á€ºá€€á€¼á€®á€¸á€”á€¬á€¸á€?á€›á€­á€¯á€„á€º, á€€á€?á€»á€„á€ºá€•á€¼á€Šá€ºá€”á€šá€º (Kachin), á€™á€¼á€”á€ºá€™á€¬
18501, Elkwood Street, Reseda Ranch, Reseda Neighborhood Council District, Los Angeles, Los Angeles County, CAL Fire Southern Region, California, 91335, United States
Ronald Reagan Freeway, Granada Hills North Neighborhood Council District, Los Angeles, Los Angeles County, CAL Fire Contract Counties, California, 91344, United States
Ø¯Ù‡Ø³ØªØ§Ù† Ø³Ù?ÛŒØ¯Ø§Ø¨Ù‡, Ø¨Ø®Ø´ Ù…Ø±Ú©Ø²ÛŒ, Ø´Ù‡Ø±Ø³ØªØ§Ù† Ù†ÛŒÙ…Ø±ÙˆØ², Ø§Ø³ØªØ§Ù† Ø³ÛŒØ³ØªØ§Ù† Ùˆ Ø¨Ù„ÙˆÚ†Ø³ØªØ§Ù†, Ø§ÛŒØ±Ø§Ù†
Ø¯Ù‡Ø³ØªØ§Ù† Ø³Ù?ÛŒØ¯Ø§Ø¨Ù‡, Ø¨Ø®Ø´ Ù…Ø±Ú©Ø²ÛŒ, Ø´Ù‡Ø±Ø³ØªØ§Ù† Ù†ÛŒÙ…Ø±ÙˆØ², Ø§Ø³ØªØ§Ù† Ø³ÛŒØ³ØªØ§Ù† Ùˆ Ø¨Ù„ÙˆÚ†Ø³ØªØ§Ù†, Ø§ÛŒØ±Ø§Ù†
Ø¯Ù‡Ø³ØªØ§Ù† Ø³Ù?ÛŒØ¯Ø§Ø¨Ù‡, Ø¨Ø®Ø´ Ù…Ø±Ú©Ø²ÛŒ, Ø´Ù‡Ø±Ø³ØªØ§Ù† Ù†ÛŒÙ…Ø±ÙˆØ², Ø§Ø³ØªØ§Ù† Ø³ÛŒØ³ØªØ§Ù† Ùˆ Ø¨Ù„ÙˆÚ†Ø³ØªØ§Ù†, Ø§ÛŒØ±Ø§Ù†
Ø¯Ù‡Ø³ØªØ§Ù† Ø³Ù?ÛŒØ¯Ø§Ø¨Ù‡, Ø¨Ø®Ø´ Ù…Ø±Ú©Ø²ÛŒ, Ø´Ù‡Ø±Ø³ØªØ§Ù† Ù†ÛŒÙ…Ø±ÙˆØ², Ø§Ø³ØªØ§Ù† Ø³ÛŒØ³ØªØ§Ù† Ùˆ Ø¨Ù„ÙˆÚ†Ø³ØªØ§Ù†, Ø§ÛŒØ±Ø§Ù†
Ø¯Ù‡Ø³ØªØ§Ù† Ø³Ù?ÛŒØ¯Ø§Ø¨Ù‡, Ø¨Ø®Ø´ Ù…Ø±Ú©Ø²ÛŒ, Ø´Ù‡Ø±Ø³ØªØ§Ù† Ù†ÛŒÙ…Ø±ÙˆØ², Ø§Ø³ØªØ§Ù† Ø³ÛŒØ³ØªØ§Ù† Ùˆ Ø¨Ù„ÙˆÚ†Ø³ØªØ§Ù†, Ø§ÛŒØ±Ø§Ù†
é•·æ ¹å±±, ç¥žæ´¥å³¶æ?‘, å¤§å³¶æ”¯åº?, æ?±äº¬éƒ½, 100-0601, æ—¥æœ¬
Illapel, Provincia de Choapa, RegiÃ³n de Coquimbo, 1930000, Chile
Kor Ambado Ø´Ø§Ø·Ø¦ Ø®ÙˆØ± Ø¹Ù…Ø¨Ø§Ø¯Ùˆ, Khor Ambado Ø®ÙˆØ± Ø¹Ù…Ø¨Ø§Ø¯Ùˆ, Djibouti Ø¬ÙŠØ¨ÙˆØªÙŠ
ä¸²é–“å¸‚, å®®å´ŽçœŒ, 888-8555, æ—¥æœ¬
Municipio Ixiamas, Provincia Abel Iturralde, La Paz, Bolivia
Ø¯Ù‡Ø³ØªØ§Ù† Ø­ÙˆÙ…Ù‡, Ø¨Ø®Ø´ Ù…Ø±Ú©Ø²ÛŒ, Ø´Ù‡Ø±Ø³ØªØ§Ù† Ø§Ù†Ø¯ÛŒÙ…Ø´Ú©, Ø§Ø³ØªØ§Ù† Ø®ÙˆØ²Ø³ØªØ§Ù†, Ø§ÛŒØ±Ø§Ù†
Municipio Ixiamas, Provincia Abel Iturralde, La Paz, Bolivia
Daniel AlomÃ­a Robles, Leoncio Prado, HuÃ¡nuco, PerÃº
Matjhabeng Ward 24, Welkom, Matjhabeng Local Municipality, Lejweleputswa District Municipality, Free State, 9459, South Africa
Camutihan, Batangas, Calabarzon, 5203, Philippines
San Juan de Marcona, Marcona, Nasca, Ica, PerÃº
æ·¡è·¯SA (ä¸‹ã‚Š), ç¥žæˆ¸æ·¡è·¯é³´é–€è‡ªå‹•è»Šé?“, éµœå´Ž, æ·¡è·¯å¸‚, å…µåº«çœŒ, 656-2301, æ—¥æœ¬
San AndrÃ©s, ArchipiÃ©lago de San AndrÃ©s, Providencia y Santa Catalina, 880001, Colombia
Lara Road, Ineia, Î Î¬Ï†Î¿Ï‚, ÎšÏ?Ï€Ï?Î¿Ï‚ - KÄ±brÄ±s
Canton Sachojere, Municipio Loreto, Provincia de MarbÃ¡n, Beni, Bolivia
Pastaza, Datem del MaraÃ±Ã³n, Loreto, PerÃº
èµ›åŠ›å…‹æ??ç‰§åœº, ä¹Œè‹?å¸‚, å¡”åŸŽåœ°åŒº, æ–°ç–†ç»´å?¾å°”è‡ªæ²»åŒº, ä¸­å›½
Illapel, Provincia de Choapa, RegiÃ³n de Coquimbo, 1930000, Chile
Municipio Colcha K, Provincia Nor LÃ­pez, PotosÃ­, Bolivia
Î†Î¼Ï†Î¹ÏƒÏƒÎ± - Î›Î¹Î´Ï‰Ï?Î¯ÎºÎ¹, ÎšÎ¿Î¹Î½ÏŒÏ„Î·Ï„Î± Î ÎµÎ½Ï„ÎµÎ¿Ï?Î¯Ï‰Î½, Î”Î·Î¼Î¿Ï„Î¹ÎºÎ® Î•Î½ÏŒÏ„Î·Ï„Î± Î“Î±Î»Î±Î¾Î¹Î´Î¯Î¿Ï…, Î”Î®Î¼Î¿Ï‚ Î”ÎµÎ»Ï†ÏŽÎ½, Î ÎµÏ?Î¹Ï†ÎµÏ?ÎµÎ¹Î±ÎºÎ® Î•Î½ÏŒÏ„Î·Ï„Î± Î¦Ï‰ÎºÎ¯Î´Î±Ï‚, Î ÎµÏ?Î¹Ï†Î­Ï?ÎµÎ¹Î± Î£Ï„ÎµÏ?ÎµÎ¬Ï‚ Î•Î»Î»Î¬Î´Î¿Ï‚, Î‘Ï€Î¿ÎºÎµÎ½Ï„Ï?Ï‰Î¼Î­Î½Î· Î”Î¹Î¿Î¯ÎºÎ·ÏƒÎ· Î˜ÎµÏƒÏƒÎ±Î»Î¯Î±Ï‚ - Î£Ï„ÎµÏ?ÎµÎ¬Ï‚ Î•Î»Î»Î¬Î´Î¿Ï‚, Î•Î»Î»Î¬Ï‚
å?—æŽ’ á€”á€™á€·á€ºá€–á€­á€¯á€„á€º, å?—æŽ’åŒº, å‹?æ³¢åŽ¿ á€™á€­á€¯á€„á€ºá€¸á€•á€±á€«á€€á€ºá€™á€¼á€­á€¯á€·, á€›á€¾á€™á€ºá€¸á€•á€¼á€Šá€ºá€”á€šá€º á€¡á€›á€¾á€±á€·á€•á€­á€¯á€„á€ºá€¸, á€›á€¾á€™á€ºá€¸á€•á€¼á€Šá€ºá€”á€šá€º Shan State, ä½¤é‚¦ï¼ˆåŒ—éƒ¨åœ°åŒºï¼‰ á€?á€•á€¼á€Šá€ºá€”á€šá€º (á€™á€¼á€±á€¬á€€á€ºá€•á€­á€¯á€„á€ºá€¸), á€™á€¼á€”á€ºá€™á€¬
å?—æŽ’ á€”á€™á€·á€ºá€–á€­á€¯á€„á€º, å?—æŽ’åŒº, å‹?æ³¢åŽ¿ á€™á€­á€¯á€„á€ºá€¸á€•á€±á€«á€€á€ºá€™á€¼á€­á€¯á€·, á€›á€¾á€™á€ºá€¸á€•á€¼á€Šá€ºá€”á€šá€º á€¡á€›á€¾á€±á€·á€•á€­á€¯á€„á€ºá€¸, á€›á€¾á€™á€ºá€¸á€•á€¼á€Šá€ºá€”á€šá€º Shan State, ä½¤é‚¦ï¼ˆåŒ—éƒ¨åœ°åŒºï¼‰ á€?á€•á€¼á€Šá€ºá€”á€šá€º (á€™á€¼á€±á€¬á€€á€ºá€•á€­á€¯á€„á€ºá€¸), á€™á€¼á€”á€ºá€™á€¬
Ruta B-350, Antofagasta, Provincia de Antofagasta, RegiÃ³n de Antofagasta, Chile
Antofagasta, Provincia de Antofagasta, RegiÃ³n de Antofagasta, Chile
Caleta Lagartos, Antofagasta, Provincia de Antofagasta, RegiÃ³n de Antofagasta, Chile
Camino a Isla Santa MarÃ­a, Antofagasta, Provincia de Antofagasta, RegiÃ³n de Antofagasta, Chile
Calama, Provincia de El Loa, RegiÃ³n de Antofagasta, Chile
ç¥žæ´¥å³¶æ?‘, å¤§å³¶æ”¯åº?, æ?±äº¬éƒ½, 100-0601, æ—¥æœ¬
Ciudad de ArmerÃ­a, ArmerÃ­a, Colima, 28300, MÃ©xico
CopiapÃ³, Provincia de CopiapÃ³, RegiÃ³n de Atacama, Chile
å¤´å?°, çŽ‰é¾™çº³è¥¿æ—?è‡ªæ²»åŽ¿, ä¸½æ±Ÿå¸‚, äº‘å?—çœ?, ä¸­å›½
æ?Ÿæ²³è¡—é?“, å?¤åŸŽåŒº, ä¸½æ±Ÿå¸‚, äº‘å?—çœ?, ä¸­å›½
èŒ‚å±‚åž›, å¤§å…·ä¹¡, çŽ‰é¾™çº³è¥¿æ—?è‡ªæ²»åŽ¿, ä¸½æ±Ÿå¸‚, äº‘å?—çœ?, ä¸­å›½
Ø¯Ù‡Ø³ØªØ§Ù† Ø²Ù‡Ù…Ú©Ø§Ù†, Ø¨Ø®Ø´ Ø­ÙˆØ±, Ø´Ù‡Ø±Ø³ØªØ§Ù† Ù?Ø§Ø±ÛŒØ§Ø¨, Ø§Ø³ØªØ§Ù† Ú©Ø±Ù…Ø§Ù†, Ø§ÛŒØ±Ø§Ù†
Tambopata, Madre de Dios, 17001, PerÃº
è?¨å°”èƒ¡æ?¾ä¹¡, é˜¿å‹’æ³°å¸‚, é˜¿å‹’æ³°åœ°åŒº, æ–°ç–†ç»´å?¾å°”è‡ªæ²»åŒº, ä¸­å›½
Antofagasta, Provincia de Antofagasta, RegiÃ³n de Antofagasta, Chile
CallerÃ­a, Coronel Portillo, Ucayali, PerÃº
Quisuarnioc, Sancos, Huancasancos, Ayacucho, PerÃº
Antofagasta, Provincia de Antofagasta, RegiÃ³n de Antofagasta, Chile
æ¹¯æ²¢å¸‚, ç§‹ç”°çœŒ, æ—¥æœ¬
å›½é?“108å?·, æ¹¯æ²¢å¸‚, ç§‹ç”°çœŒ, æ—¥æœ¬
å¤§å´Žå¸‚, å®®åŸŽçœŒ, æ—¥æœ¬
å…«ä¸ˆæ”¯åº?, æ?±äº¬éƒ½, æ—¥æœ¬
éŠšå­?å¸‚, å?ƒè‘‰çœŒ, æ—¥æœ¬
Municipio Santiago de Andamarca, Provincia Sud Carangas, Oruro, Bolivia
é¸£éŸ³é•‡, çŽ‰é¾™çº³è¥¿æ—?è‡ªæ²»åŽ¿, ä¸½æ±Ÿå¸‚, äº‘å?—çœ?, ä¸­å›½
å®®å´Žå¸‚, å®®å´ŽçœŒ, 880-8505, æ—¥æœ¬
æ¸¯æ?±äºŒä¸?ç›®, å®®å´Žå¸‚, å®®å´ŽçœŒ, 880-8505, æ—¥æœ¬
å®®å´Žå¸‚, å®®å´ŽçœŒ, 880-8505, æ—¥æœ¬
Ta La Bar (á€?á€œá€•á€«á€¸á€›á€½á€¬), á€žá€›á€€á€º, á€žá€›á€€á€ºá€?á€›á€­á€¯á€„á€º, á€™á€€á€½á€±á€¸á€?á€­á€¯á€„á€ºá€¸á€’á€±á€žá€€á€¼á€®á€¸, á€™á€¼á€”á€ºá€™á€¬
å®®å´Žå¸‚, å®®å´ŽçœŒ, 880-8505, æ—¥æœ¬
æ—¥å?—å¸‚, å®®å´ŽçœŒ, æ—¥æœ¬
å¥„ç¾Žå¸‚, é¹¿å…?å³¶çœŒ, æ—¥æœ¬
Camino a Kellajas, VillazÃ³n, Provincia Modesto Omiste, PotosÃ­, Bolivia
Ø¬Ø§Ø¯Ù‡ Ú¯Ù„Ø³ØªØ§Ù†, Ø¯Ù‡Ø³ØªØ§Ù† Ø±Ø¶Ø§Ù‚Ù„ÛŒ Ù‚Ø´Ù„Ø§Ù‚, Ø¨Ø®Ø´ Ù…Ø±Ú©Ø²ÛŒ, Ø´Ù‡Ø±Ø³ØªØ§Ù† Ù†ÛŒØ±, Ø§Ø³ØªØ§Ù† Ø§Ø±Ø¯Ø¨ÛŒÙ„, Ø§ÛŒØ±Ø§Ù†
ä¼½å¸ˆåŽ¿, å–€ä»€åœ°åŒº, æ–°ç–†ç»´å?¾å°”è‡ªæ²»åŒº, ä¸­å›½
ä¼Šè±†å¸‚, é?™å²¡çœŒ, 410-2507, æ—¥æœ¬
La Serena, Provincia de Elqui, RegiÃ³n de Coquimbo, Chile
La Serena, Provincia de Elqui, RegiÃ³n de Coquimbo, Chile
Cuevas-Bislig Road, Bislig, Surigao del Sur, Caraga, 8311, Philippines
é‡‘æ²¢ç”º, è±Šå·?å¸‚, æ„›çŸ¥çœŒ, 441-1212, æ—¥æœ¬
8250, OcÃ©ano PacÃ­fico Norte, Parque Violeta CousiÃ±o, PeÃ±alolÃ©n, Provincia de Santiago, RegiÃ³n Metropolitana de Santiago, 7940068, Chile
è–©æ‘©å·?å†…å¸‚, é¹¿å…?å³¶çœŒ, æ—¥æœ¬
Scarborough, Tobago, Trinidad and Tobago
Ø¯Ù‡Ø³ØªØ§Ù† Ú©ÙˆÙ‡ Ø´Ø§Ù‡, Ø¨Ø®Ø´ Ø§Ø­Ù…Ø¯ÛŒ, Ø´Ù‡Ø±Ø³ØªØ§Ù† Ø­Ø§Ø¬ÛŒ Ø¢Ø¨Ø§Ø¯, Ø§Ø³ØªØ§Ù† Ù‡Ø±Ù…Ø²Ú¯Ø§Ù†, Ø§ÛŒØ±Ø§Ù†
å¹³ä¸Šç‰‡å¯„, ã?„ã‚?ã??å¸‚, ç¦?å³¶çœŒ, 970-8011, æ—¥æœ¬
å®®é‡Œç”º, è–©æ‘©å·?å†…å¸‚, é¹¿å…?å³¶çœŒ, 895-0055, æ—¥æœ¬
CopiapÃ³, Provincia de CopiapÃ³, RegiÃ³n de Atacama, Chile
è±Šæ©‹å¸‚, æ„›çŸ¥çœŒ, æ—¥æœ¬
å?‰éƒ¨ä¸‹ç¯ ç›®ç·š, é˜¿æ?±ç”Ÿé›²ä¸­, å±±å?£å¸‚, å±±å?£çœŒ, æ—¥æœ¬
Ø¯Ù‡Ø³ØªØ§Ù† Ù‚Ø§Ø¦Ù†, Ø¨Ø®Ø´ Ù…Ø±Ú©Ø²ÛŒ, Ø´Ù‡Ø±Ø³ØªØ§Ù† Ù‚Ø§Ø¦Ù†Ø§Øª, Ø§Ø³ØªØ§Ù† Ø®Ø±Ø§Ø³Ø§Ù† Ø¬Ù†ÙˆØ¨ÛŒ, Ø§ÛŒØ±Ø§Ù†
Calama, Provincia de El Loa, RegiÃ³n de Antofagasta, 1395584, Chile
å¹³é¹¿ç”ºæµ…èˆžä¸Šä¸­é‡Ž, æ¨ªæ‰‹å¸‚, ç§‹ç”°çœŒ, 013-0056, æ—¥æœ¬
Pastaza, Datem del MaraÃ±Ã³n, Loreto, PerÃº
æŠ˜å·´ä¹¡, å?‰éš†åŽ¿, æ—¥å–€åˆ™å¸‚, è¥¿è—?è‡ªæ²»åŒº - à½–à½¼à½‘à¼‹à½¢à½„à¼‹à½¦à¾?à¾±à½¼à½„à¼‹à½£à¾—à½¼à½„à½¦à¼?, ä¸­å›½
Infiernillo, Ovalle, Provincia de LimarÃ­, RegiÃ³n de Coquimbo, Chile
Î’Î¿Ï…Î½Î¹Ï‡ÏŽÏ?Î±, Î”Î·Î¼Î¿Ï„Î¹ÎºÎ® Î•Î½ÏŒÏ„Î·Ï„Î± Î“Î±Î»Î±Î¾Î¹Î´Î¯Î¿Ï…, Î”Î®Î¼Î¿Ï‚ Î”ÎµÎ»Ï†ÏŽÎ½, Î ÎµÏ?Î¹Ï†ÎµÏ?ÎµÎ¹Î±ÎºÎ® Î•Î½ÏŒÏ„Î·Ï„Î± Î¦Ï‰ÎºÎ¯Î´Î±Ï‚, Î ÎµÏ?Î¹Ï†Î­Ï?ÎµÎ¹Î± Î£Ï„ÎµÏ?ÎµÎ¬Ï‚ Î•Î»Î»Î¬Î´Î¿Ï‚, Î‘Ï€Î¿ÎºÎµÎ½Ï„Ï?Ï‰Î¼Î­Î½Î· Î”Î¹Î¿Î¯ÎºÎ·ÏƒÎ· Î˜ÎµÏƒÏƒÎ±Î»Î¯Î±Ï‚ - Î£Ï„ÎµÏ?ÎµÎ¬Ï‚ Î•Î»Î»Î¬Î´Î¿Ï‚, 331 00, Î•Î»Î»Î¬Ï‚
Los Hoyos, Ilobasco, Departamento de CabaÃ±as, 1204, El Salvador
Municipio Ixiamas, Provincia Abel Iturralde, La Paz, Bolivia
Canton San Pablo de Napa, Municipio Llica, Daniel Campos, PotosÃ­, Bolivia
CAB12N, El Amate, San Isidro, Departamento de CabaÃ±as, El Salvador
å¼ åŒ—åŽ¿, å¼ å®¶å?£å¸‚, æ²³åŒ—çœ?, ä¸­å›½
Fitzcarrald, Manu, Madre de Dios, PerÃº
Antofagasta, Provincia de Antofagasta, RegiÃ³n de Antofagasta, Chile
Raymondi, Atalaya, Ucayali, 25201, PerÃº
Mati, Davao Oriental, Davao Region, 8200, Philippines
Ù…Ø³ÛŒØ±Ú¯Ù„Ø¨Ø§Ù?, Ø¯Ù‡Ø³ØªØ§Ù† Ø¬ÙˆØ´Ø§Ù†, Ø¨Ø®Ø´ Ú¯Ù„Ø¨Ø§Ù?, Ø´Ù‡Ø±Ø³ØªØ§Ù† Ú©Ø±Ù…Ø§Ù†, Ø§Ø³ØªØ§Ù† Ú©Ø±Ù…Ø§Ù†, Ø§ÛŒØ±Ø§Ù†
CallerÃ­a, Coronel Portillo, Ucayali, PerÃº
å¸¸ç£?ãƒ?ã‚¤ãƒ‘ã‚¹, ä½?ç³ ç”º, å²©é–“ç”º, ã?„ã‚?ã??å¸‚, ç¦?å³¶çœŒ, 974-8223, æ—¥æœ¬
ØªÙˆØªÚ©, Ø¯Ù‡Ø³ØªØ§Ù† ØºÛŒÙ†Ø§Ø¨, Ø¨Ø®Ø´ Ù…Ø±Ú©Ø²ÛŒ, Ø´Ù‡Ø±Ø³ØªØ§Ù† Ø³Ø±Ø¨ÛŒØ´Ù‡, Ø§Ø³ØªØ§Ù† Ø®Ø±Ø§Ø³Ø§Ù† Ø¬Ù†ÙˆØ¨ÛŒ, Ø§ÛŒØ±Ø§Ù†
ä¼Šè±†å¸‚, é?™å²¡çœŒ, 410-2516, æ—¥æœ¬
Municipio Pocona, Cochabamba, Bolivia
Municipio Aiquile, Campero, Cochabamba, Bolivia
è±Šå¾Œé«˜ç”°å¸‚, å¤§åˆ†çœŒ, æ—¥æœ¬
Santa Maria - Capalaran - Villaba - Banglay - Hoyohoy Road, Tangub, Misamis Occidental, Northern Mindanao, 7214, Philippines
é£›é³¥ç”ºä½?æ¸¡, ç†Šé‡Žå¸‚, ä¸‰é‡?çœŒ, æ—¥æœ¬
Antofagasta, Provincia de Antofagasta, RegiÃ³n de Antofagasta, Chile
ã?„ã?™ã?¿å¸‚, å?ƒè‘‰çœŒ, æ—¥æœ¬
El Trapiche, La Ligua, Provincia de Petorca, RegiÃ³n de ValparaÃ­so, Chile
Ø¯Ù‡Ø³ØªØ§Ù† Ù…Ø­Ø³Ù† Ø¢Ø¨, Ø¨Ø®Ø´ Ù…Ø±Ú©Ø²ÛŒ, Ø´Ù‡Ø±Ø³ØªØ§Ù† Ù…Ù‡Ø±Ø§Ù†, Ø§Ø³ØªØ§Ù† Ø§ÛŒÙ„Ø§Ù…, Ø§ÛŒØ±Ø§Ù†
Dakesawa Trail, æ?¾æœ¬å¸‚, é•·é‡ŽçœŒ, æ—¥æœ¬
ä»™åŒ—å¸‚, ç§‹ç”°çœŒ, æ—¥æœ¬
Chheskam, Mahakulung, à¤¸à¥‹à¤²à¥?à¤–à¥?à¤®à¥?à¤¬à¥?, à¤•à¥‹à¤¶à¥€ à¤ªà¥?à¤°à¤¦à¥‡à¤¶, à¤¨à¥‡à¤ªà¤¾à¤²
175, ÐŸÐ°ÑˆÑ‚Ñ€Ð¸Ñ›, ÐžÐ¿ÑˆÑ‚Ð¸Ð½Ð° ÐœÐ¸Ð¾Ð½Ð¸Ñ†Ð°, ÐšÐ¾Ð»ÑƒÐ±Ð°Ñ€Ñ?ÐºÐ¸ ÑƒÐ¿Ñ€Ð°Ð²Ð½Ð¸ Ð¾ÐºÑ€ÑƒÐ³, Ð¦ÐµÐ½Ñ‚Ñ€Ð°Ð»Ð½Ð° Ð¡Ñ€Ð±Ð¸Ñ˜Ð°, 14242, Ð¡Ñ€Ð±Ð¸Ñ˜Ð°
CholÃ³n, MaraÃ±Ã³n, HuÃ¡nuco, PerÃº
ä¸²é–“å¸‚, å®®å´ŽçœŒ, 888-8555, æ—¥æœ¬
è¥¿ä¹‹è¡¨å¸‚, é¹¿å…?å³¶çœŒ, æ—¥æœ¬
Iquique, Provincia de Iquique, RegiÃ³n de TarapacÃ¡, Chile
Calama, Provincia de El Loa, RegiÃ³n de Antofagasta, 1395584, Chile
Ø¯Ù‡Ø³ØªØ§Ù† Ø²Ù‡Ù…Ú©Ø§Ù†, Ø¨Ø®Ø´ Ø­ÙˆØ±, Ø´Ù‡Ø±Ø³ØªØ§Ù† Ù?Ø§Ø±ÛŒØ§Ø¨, Ø§Ø³ØªØ§Ù† Ú©Ø±Ù…Ø§Ù†, Ø§ÛŒØ±Ø§Ù†
æ‹œåŸŽåŽ¿, Ø¦Ø§Ù‚Ø³Û‡ Û‹Ù‰Ù„Ø§ÙŠÙ‰ØªÙ‰â€Ž - é˜¿å…‹è‹?åœ°åŒºâ€Ž, æ–°ç–†ç»´å?¾å°”è‡ªæ²»åŒº, ä¸­å›½
La Punta, Samuel Pastor, CamanÃ¡, Arequipa, PerÃº
æ±ªæ¸…åŽ¿, å»¶è¾¹æœ?é²œæ—?è‡ªæ²»å·ž, å?‰æž—çœ?, ä¸­å›½
Matjhabeng Ward 24, Matjhabeng Local Municipality, Lejweleputswa District Municipality, Free State, South Africa
Ù¾Ø±ÛŒØ´Ø§Ù†  Ø¬Ø§Ø¯Ù‡, Ø¯Ù‡Ø³ØªØ§Ù† Ù?Ø§Ù…ÙˆØ±, Ø¨Ø®Ø´ Ø¬Ø±Ù‡ ÙˆØ¨Ø§Ù„Ø§Ø¯Ù‡, Ø´Ù‡Ø±Ø³ØªØ§Ù† Ú©Ø§Ø²Ø±ÙˆÙ†, Ø§Ø³ØªØ§Ù† Ù?Ø§Ø±Ø³, Ø§ÛŒØ±Ø§Ù†
é‡§è·¯å¸‚, é‡§è·¯ç·?å?ˆæŒ¯èˆˆå±€, åŒ—æµ·é?“, æ—¥æœ¬
Puerto Barrios, Izabal, Guatemala
ä¸‰æ²¢å¸‚, é?’æ£®çœŒ, 033-0001, æ—¥æœ¬
Los Andes, Provincia de Los Andes, RegiÃ³n de ValparaÃ­so, 2100000, Chile
Zacatona, Finca Zacatona, Savegre, CantÃ³n Quepos, Provincia Puntarenas, 60602, Costa Rica
Timiou Prodromou, Î›Î¹Î¼Î½Î¬Ï„Î·Ï‚, Limnatis, Î›ÎµÎ¼ÎµÏƒÏŒÏ‚, ÎšÏ?Ï€Ï?Î¿Ï‚ - KÄ±brÄ±s
Cieneguillas, Municipio Colcha K, Provincia Nor LÃ­pez, PotosÃ­, Bolivia
æ¢…å±±é‡Œ, æ¡ƒæº?å?€, é«˜é›„å¸‚, 848, è‡ºç?£
99, Ø¬Ù†Øª Ø¢Ø¨Ø§Ø¯, Ø¨Ø®Ø´ Ù…Ø±Ú©Ø²ÛŒ Ø´Ù‡Ø±Ø³ØªØ§Ù† ØµØ§Ù„Ø­ Ø¢Ø¨Ø§Ø¯, Ø´Ù‡Ø±Ø³ØªØ§Ù† ØµØ§Ù„Ø­ Ø¢Ø¨Ø§Ø¯, Ø§Ø³ØªØ§Ù† Ø®Ø±Ø§Ø³Ø§Ù† Ø±Ø¶ÙˆÛŒ, Ø§ÛŒØ±Ø§Ù†
Kaledibi, DÃ¼zce Merkez, DÃ¼zce, Karadeniz BÃ¶lgesi, TÃ¼rkiye
Develi, Duraklar, DÃ¼zce Merkez, DÃ¼zce, Karadeniz BÃ¶lgesi, 81020, TÃ¼rkiye
Calama, Provincia de El Loa, RegiÃ³n de Antofagasta, 1395584, Chile
El Descanso, Kunturkanki, Canas, Cusco, PerÃº
Camarones, Provincia de Arica, RegiÃ³n de Arica y Parinacota, Chile
Sarayacu, Ucayali, Loreto, PerÃº
G345, ç™½é›„ä¹¡, à½‚à½‰à½“à¼‹à½¢à½¼à½„à¼‹à½¢à¾«à½¼à½„à¼‹ / è?‚è?£åŽ¿ / Nyainrong, é‚£æ›²å¸‚, è¥¿è—?è‡ªæ²»åŒº - à½–à½¼à½‘à¼‹à½¢à½„à¼‹à½¦à¾?à¾±à½¼à½„à¼‹à½£à¾—à½¼à½„à½¦à¼?, ä¸­å›½
èˆžé¶´å¸‚, äº¬éƒ½åºœ, æ—¥æœ¬
Gaas, Ormoc, Leyte 4th District, Leyte, Eastern Visayas, 6541, Philippines
Ormoc, Leyte 4th District, Leyte, Eastern Visayas, 6541, Philippines
Mancora, MÃ¡ncora, Talara, Piura, 20851, PerÃº
é‡œæ–¹, ä¸‰å®…æ?‘, ä¸‰å®…æ”¯åº?, æ?±äº¬éƒ½, æ—¥æœ¬
ä¸‰å®…æ?‘, ä¸‰å®…æ”¯åº?, æ?±äº¬éƒ½, æ—¥æœ¬
éŒ†å´Ž, ç¥žæ´¥å³¶æ?‘, å¤§å³¶æ”¯åº?, æ?±äº¬éƒ½, 100-0601, æ—¥æœ¬
ä¸‰å®…æ?‘, ä¸‰å®…æ”¯åº?, æ?±äº¬éƒ½, æ—¥æœ¬
ç¥žæ´¥å³¶æ?‘, å¤§å³¶æ”¯åº?, æ?±äº¬éƒ½, 100-0601, æ—¥æœ¬
æ–°å³¶æ?‘, å¤§å³¶æ”¯åº?, æ?±äº¬éƒ½, æ—¥æœ¬
ç¥žæ´¥å³¶æ?‘, å¤§å³¶æ”¯åº?, æ?±äº¬éƒ½, 100-0601, æ—¥æœ¬
ä¸‰å®…æ?‘, ä¸‰å®…æ”¯åº?, æ?±äº¬éƒ½, æ—¥æœ¬
ç¥žæ´¥å³¶æ?‘, å¤§å³¶æ”¯åº?, æ?±äº¬éƒ½, 100-0601, æ—¥æœ¬
æ¢…å±±é‡Œ, æ¡ƒæº?å?€, é«˜é›„å¸‚, 848, è‡ºç?£
ä¸‰å®…æ?‘, ä¸‰å®…æ”¯åº?, æ?±äº¬éƒ½, æ—¥æœ¬
ä¸‰å®…æ?‘, ä¸‰å®…æ”¯åº?, æ?±äº¬éƒ½, æ—¥æœ¬
ä¸‰å®…æ?‘, ä¸‰å®…æ”¯åº?, æ?±äº¬éƒ½, æ—¥æœ¬
ç¥žæ´¥å³¶æ?‘, å¤§å³¶æ”¯åº?, æ?±äº¬éƒ½, 100-0601, æ—¥æœ¬
å¯Œå£«è¦‹ç”º, æ?¾æ±Ÿå¸‚, å³¶æ ¹çœŒ, 699-0101, æ—¥æœ¬
á€–á€±á€¬á€„á€ºá€¸á€•á€¼á€„á€º, á€™á€±á€¬á€ºá€œá€­á€¯á€€á€ºá€?á€›á€­á€¯á€„á€º, á€…á€…á€ºá€€á€­á€¯á€„á€ºá€¸á€?á€­á€¯á€„á€ºá€¸ (Sagaing), 02061, á€™á€¼á€”á€ºá€™á€¬
CallerÃ­a, Coronel Portillo, Ucayali, PerÃº
La Mine, Ighzer el Kebla, Timezrit, DaÃ¯ra Timezrit, BÃ©jaÃ¯a â´²â´³â´°âµ¢â´»âµ? Ø¨Ø¬Ø§ÙŠØ©, 06019, AlgÃ©rie / âµ?âµ£âµ£â´°âµ¢â´»âµ” / Ø§Ù„Ø¬Ø²Ø§Ø¦Ø±
éŠšå­?å¸‚, å?ƒè‘‰çœŒ, æ—¥æœ¬
InstituciÃ³n Educativa No. 62703, Puerto-Aguajal, Pastaza, Datem del MaraÃ±Ã³n, Loreto, PerÃº
Los Quinquelles, La Ligua, Provincia de Petorca, RegiÃ³n de ValparaÃ­so, Chile
Pampa Anta, Canton San Pablo de Napa, Municipio Llica, Daniel Campos, PotosÃ­, Bolivia
Ø¯Ù‡Ø³ØªØ§Ù† Ø§Ù†Ø§Ø±Ø§Ù†, Ø¨Ø®Ø´ Ù…Ø±Ú©Ø²ÛŒ, Ø´Ù‡Ø±Ø³ØªØ§Ù† Ø¯Ù‡Ù„Ø±Ø§Ù†, Ø§Ø³ØªØ§Ù† Ø§ÛŒÙ„Ø§Ù…, Ø§ÛŒØ±Ø§Ù†
å®¶ä¹‹å…ƒ, å‘‰å¸‚, åºƒå³¶çœŒ, æ—¥æœ¬
å…«æˆ¸å¸‚, é?’æ£®çœŒ, æ—¥æœ¬
æ–½ç”¸åŽ¿, ä¿?å±±å¸‚, äº‘å?—çœ?, ä¸­å›½
ä½?ä¼¯å¸‚, å¤§åˆ†çœŒ, æ—¥æœ¬
San Vicente, Departamento de San Vicente, El Salvador
Karangsari, Pengasih, Kulon Progo, Daerah Istimewa Yogyakarta, 55651, Indonesia
Antofagasta, Provincia de Antofagasta, RegiÃ³n de Antofagasta, Chile
Municipio Urmiri, Provincia TomÃ¡s FrÃ­as, PotosÃ­, Bolivia
è?¨å‘¼è…¾é•‡, æ?‚å¤šåŽ¿, çŽ‰æ ‘è—?æ—?è‡ªæ²»å·ž, é?’æµ·çœ?, ä¸­å›½
Tocopilla, Provincia de Tocopilla, RegiÃ³n de Antofagasta, Chile
å°?ç¬ åŽŸæ?‘, å°?ç¬ åŽŸæ”¯åº?, æ?±äº¬éƒ½, 100-2101, æ—¥æœ¬
å?Žä¸¥åºµ, æ°¸èƒœåŽ¿, ä¸½æ±Ÿå¸‚, äº‘å?—çœ?, ä¸­å›½
ä¸€æœ¬æ?‰, èŠ±å·»å¸‚, å²©æ‰‹çœŒ, 024-0001, æ—¥æœ¬
å¥„ç¾Žå¸‚, é¹¿å…?å³¶çœŒ, æ—¥æœ¬
CallerÃ­a, Coronel Portillo, Ucayali, PerÃº
Arica, Provincia de Arica, RegiÃ³n de Arica y Parinacota, Chile
OllagÃ¼e, Provincia de El Loa, RegiÃ³n de Antofagasta, Chile
CopiapÃ³, Provincia de CopiapÃ³, RegiÃ³n de Atacama, Chile
Naser Neziri, Gjilan, Komuna e Gjilanit / OpÅ¡tina Gnjilane / Gilan Belediyesi, 60000, Kosova / Kosovo
Ovalle, Provincia de LimarÃ­, RegiÃ³n de Coquimbo, Chile
Ø¯Ù‡Ø³ØªØ§Ù† Ø®Ø±Ù‚Ø§Ù†, Ø¨Ø®Ø´ Ù…Ø±Ú©Ø²ÛŒ, Ø´Ù‡Ø±Ø³ØªØ§Ù† Ø±Ø²Ù†, Ø§ÛŒØ±Ø§Ù†
Mati, Davao Oriental, Davao Region, 8200, Philippines
Ø¯Ù‡Ø³ØªØ§Ù† Ø¬Ù‡Ø§Ù†Ú¯ÛŒØ±ÛŒ Ø´Ù…Ø§Ù„ÛŒ, Ø¨Ø®Ø´ Ù…Ø±Ú©Ø²ÛŒ, Ø´Ù‡Ø±Ø³ØªØ§Ù† Ù…Ø³Ø¬Ø¯Ø³Ù„ÛŒÙ…Ø§Ù†, Ø§Ø³ØªØ§Ù† Ø®ÙˆØ²Ø³ØªØ§Ù†, Ø§ÛŒØ±Ø§Ù†
å¤§èˆ¹æ¸¡å¸‚, å²©æ‰‹çœŒ, æ—¥æœ¬
Tortel, Provincia de CapitÃ¡n Prat, RegiÃ³n AysÃ©n del General Carlos IbÃ¡Ã±ez del Campo, 6120000, Chile
ä¹Œæ?°åŽ¿, å…‹å­œå‹’è‹?æŸ¯å°”å…‹å­œè‡ªæ²»å·ž, æ–°ç–†ç»´å?¾å°”è‡ªæ²»åŒº, ä¸­å›½
Ø¯Ù‡Ø³ØªØ§Ù† Ú©ÙˆÙ‡ Ø´Ø§Ù‡, Ø¨Ø®Ø´ Ø§Ø­Ù…Ø¯ÛŒ, Ø´Ù‡Ø±Ø³ØªØ§Ù† Ø­Ø§Ø¬ÛŒ Ø¢Ø¨Ø§Ø¯, Ø§Ø³ØªØ§Ù† Ù‡Ø±Ù…Ø²Ú¯Ø§Ù†, Ø§ÛŒØ±Ø§Ù†
à½§à½¼à¼‹à½?à½¼à¼‹à½?à¼‹à½£à¼‹à½‘à½‚à½¼à½“ æ€€å¤´ä»–æ‹‰é•‡, å¾·ä»¤å“ˆå¸‚, æµ·è¥¿è’™å?¤æ—?è—?æ—?è‡ªæ²»å·ž, é?’æµ·çœ?, ä¸­å›½
BingÃ¶l Merkez, BingÃ¶l, DoÄŸu Anadolu BÃ¶lgesi, 12000, TÃ¼rkiye
æœ€çŸ¥å?—æœ€çŸ¥, æ°—ä»™æ²¼å¸‚, å®®åŸŽçœŒ, 988-0246, æ—¥æœ¬
Salala, Ovalle, Provincia de LimarÃ­, RegiÃ³n de Coquimbo, Chile
Ovalle, Provincia de LimarÃ­, RegiÃ³n de Coquimbo, Chile
Ø¯Ù‡Ø³ØªØ§Ù† Ø§Ø¨ØªØ±, Ø¨Ø®Ø´ Ù…Ø±Ú©Ø²ÛŒ, Ø´Ù‡Ø±Ø³ØªØ§Ù† Ø§ÛŒØ±Ø§Ù†Ø´Ù‡Ø±, Ø§Ø³ØªØ§Ù† Ø³ÛŒØ³ØªØ§Ù† Ùˆ Ø¨Ù„ÙˆÚ†Ø³ØªØ§Ù†, Ø§ÛŒØ±Ø§Ù†
Ø¯Ø¨ÛŒØ±Ø§Ù†, Ø¯Ù‡Ø³ØªØ§Ù† Ø¯Ø¨ÛŒØ±Ø§Ù†, Ø¨Ø®Ø´ Ù…Ø±Ú©Ø²ÛŒ, Ø´Ù‡Ø±Ø³ØªØ§Ù† Ø²Ø±ÛŒÙ† Ø¯Ø´Øª, Ø§Ø³ØªØ§Ù† Ù?Ø§Ø±Ø³, Ø§ÛŒØ±Ø§Ù†
Ø¯Ù‡Ø³ØªØ§Ù† Ø¯Ø¨ÛŒØ±Ø§Ù†, Ø¨Ø®Ø´ Ù…Ø±Ú©Ø²ÛŒ, Ø´Ù‡Ø±Ø³ØªØ§Ù† Ø²Ø±ÛŒÙ† Ø¯Ø´Øª, Ø§Ø³ØªØ§Ù† Ù?Ø§Ø±Ø³, Ø§ÛŒØ±Ø§Ù†
Rodeo Kocha, Municipio San Lucas, Provincia Nor Cinti, Chuquisaca, Bolivia
Ø¯Ù‡Ø³ØªØ§Ù† Ø´ÙˆØ±Ùˆ, Ø¨Ø®Ø´ Ú©ÙˆØ±ÛŒÙ†, Ø´Ù‡Ø±Ø³ØªØ§Ù† Ø²Ø§Ù‡Ø¯Ø§Ù†, Ø§Ø³ØªØ§Ù† Ø³ÛŒØ³ØªØ§Ù† Ùˆ Ø¨Ù„ÙˆÚ†Ø³ØªØ§Ù†, Ø§ÛŒØ±Ø§Ù†
å¸®è¾›ä¹¡, à½˜à½ºà¼‹à½?à½¼à½‚à¼‹à½¢à¾«à½¼à½„à¼‹ å¢¨è„±åŽ¿, æž—èŠ?å¸‚, è¥¿è—?è‡ªæ²»åŒº - à½–à½¼à½‘à¼‹à½¢à½„à¼‹à½¦à¾?à¾±à½¼à½„à¼‹à½£à¾—à½¼à½„à½¦à¼?, ä¸­å›½
Ø¯Ù‡Ø³ØªØ§Ù† Ø´ÙˆØ±Ùˆ, Ø¨Ø®Ø´ Ú©ÙˆØ±ÛŒÙ†, Ø´Ù‡Ø±Ø³ØªØ§Ù† Ø²Ø§Ù‡Ø¯Ø§Ù†, Ø§Ø³ØªØ§Ù† Ø³ÛŒØ³ØªØ§Ù† Ùˆ Ø¨Ù„ÙˆÚ†Ø³ØªØ§Ù†, Ø§ÛŒØ±Ø§Ù†
Fiordland Community, Southland District, Southland, New Zealand/Aotearoa
Fiordland Community, Southland District, Southland, New Zealand/Aotearoa
Fiordland Community, Southland District, Southland, New Zealand/Aotearoa
OllagÃ¼e, Provincia de El Loa, RegiÃ³n de Antofagasta, Chile
é´¨å·?å¸‚, å?ƒè‘‰çœŒ, æ—¥æœ¬
Carretera Cantabria, UrbanizaciÃ³n Buenaventura, Puerto Plata, RepÃºblica Dominicana
Fiordland Community, Southland District, Southland, New Zealand/Aotearoa
Napo, Maynas, Loreto, PerÃº
Ovalle, Provincia de LimarÃ­, RegiÃ³n de Coquimbo, Chile
æ ¹å®¤å¸‚, æ ¹å®¤æŒ¯èˆˆå±€, åŒ—æµ·é?“, æ—¥æœ¬
Î˜Î¿Ï…Ï?Î¯Î± - Î Î¿Î»Î¹Î±Î½Î®, Î Î¿Î»Î¹Î±Î½Î®, Î”Î®Î¼Î¿Ï‚ ÎšÎ±Î»Î±Î¼Î¬Ï„Î±Ï‚, Î ÎµÏ?Î¹Ï†ÎµÏ?ÎµÎ¹Î±ÎºÎ® Î•Î½ÏŒÏ„Î·Ï„Î± ÎœÎµÏƒÏƒÎ·Î½Î¯Î±Ï‚, Î ÎµÏ?Î¹Ï†Î­Ï?ÎµÎ¹Î± Î ÎµÎ»Î¿Ï€Î¿Î½Î½Î®ÏƒÎ¿Ï…, Î‘Ï€Î¿ÎºÎµÎ½Ï„Ï?Ï‰Î¼Î­Î½Î· Î”Î¹Î¿Î¯ÎºÎ·ÏƒÎ· Î ÎµÎ»Î¿Ï€Î¿Î½Î½Î®ÏƒÎ¿Ï…, Î”Ï…Ï„Î¹ÎºÎ®Ï‚ Î•Î»Î»Î¬Î´Î±Ï‚ ÎºÎ±Î¹ Î™Î¿Î½Î¯Î¿Ï…, 240 07, Î•Î»Î»Î¬Ï‚
å¼ºçŽ›é•‡, å®‰å¤šåŽ¿, é‚£æ›²å¸‚, è¥¿è—?è‡ªæ²»åŒº - à½–à½¼à½‘à¼‹à½¢à½„à¼‹à½¦à¾?à¾±à½¼à½„à¼‹à½£à¾—à½¼à½„à½¦à¼?, ä¸­å›½
Municipio Cotagaita, Provincia Nor Chichas, PotosÃ­, Bolivia
à½§à½¼à¼‹à½?à½¼à¼‹à½?à¼‹à½£à¼‹à½‘à½‚à½¼à½“ æ€€å¤´ä»–æ‹‰é•‡, å¾·ä»¤å“ˆå¸‚, æµ·è¥¿è’™å?¤æ—?è—?æ—?è‡ªæ²»å·ž, é?’æµ·çœ?, ä¸­å›½
à½§à½¼à¼‹à½?à½¼à¼‹à½?à¼‹à½£à¼‹à½‘à½‚à½¼à½“ æ€€å¤´ä»–æ‹‰é•‡, å¾·ä»¤å“ˆå¸‚, æµ·è¥¿è’™å?¤æ—?è—?æ—?è‡ªæ²»å·ž, é?’æµ·çœ?, ä¸­å›½
OllagÃ¼e, Provincia de El Loa, RegiÃ³n de Antofagasta, Chile
éš†æ ¼å°”ä¹¡, à½ à½–à¾²à½¼à½„à¼‹à½”à¼‹à½¢à¾«à½¼à½„à¼‹ ä»²å·´åŽ¿, æ—¥å–€åˆ™å¸‚, è¥¿è—?è‡ªæ²»åŒº - à½–à½¼à½‘à¼‹à½¢à½„à¼‹à½¦à¾?à¾±à½¼à½„à¼‹à½£à¾—à½¼à½„à½¦à¼?, ä¸­å›½
Pole Main, Area A (Kyuquot/Nootka/Sayward), Strathcona Regional District, British Columbia, Canada
å®®å?¤ç®±çŸ³é?“è·¯ï¼ˆå®®å?¤è¥¿é?“è·¯ï¼‰, ç£¯é¶?, å®®å?¤å¸‚, å²©æ‰‹çœŒ, 027-0052, æ—¥æœ¬
JuchitÃ¡n, Heroica Ciudad de JuchitÃ¡n de Zaragoza, Oaxaca, MÃ©xico
å¸®éº¦ä¹¡, å®‰å¤šåŽ¿, é‚£æ›²å¸‚, è¥¿è—?è‡ªæ²»åŒº - à½–à½¼à½‘à¼‹à½¢à½„à¼‹à½¦à¾?à¾±à½¼à½„à¼‹à½£à¾—à½¼à½„à½¦à¼?, ä¸­å›½
Tandag, Surigao del Sur, Caraga, Philippines
é‡Žç”°å¸‚ãƒ‘ãƒ–ãƒªãƒƒã‚¯ã‚´ãƒ«ãƒ•å ´ ã?‘ã‚„ã??ã‚³ãƒ¼ã‚¹, æˆ‘å­«å­?é–¢å®¿ç·š, ç›®å?¹, é‡Žç”°å¸‚, å?ƒè‘‰çœŒ, 278-0002, æ—¥æœ¬
Ø§ÛŒÙ†Ú†Ù‡ Ø¨Ø±ÙˆÙ† - Ø¢Ù‚ Ù‚Ù„Ø§ - Ú¯Ø±Ú¯Ø§Ù†, Ø¯Ù‡Ø³ØªØ§Ù† Ù…Ø²Ø±Ø¹Ù‡ Ø´Ù…Ø§Ù„ÛŒ, Ø¨Ø®Ø´ ÙˆØ´Ù…Ú¯ÛŒØ±, Ø´Ù‡Ø±Ø³ØªØ§Ù† Ø¢Ù‚ Ù‚Ù„Ø§, Ø§Ø³ØªØ§Ù† Ú¯Ù„Ø³ØªØ§Ù†, Ø§ÛŒØ±Ø§Ù†
å²©å±±å…¥å?£, å›½é?“117å?·, å°?å?ƒè°·å¸‚, æ–°æ½ŸçœŒ, æ—¥æœ¬
å·?å?£ä¸­å±±, é•·å²¡å¸‚, æ–°æ½ŸçœŒ, 949-7504, æ—¥æœ¬
æ?±æ „ä¸‰ä¸?ç›®, å°?å?ƒè°·å¸‚, æ–°æ½ŸçœŒ, 947-0004, æ—¥æœ¬
æŸ?å´Žå¸‚, æ–°æ½ŸçœŒ, 945-1502, æ—¥æœ¬
å?ƒè°·å·?ä¸‰ä¸?ç›®, å°?å?ƒè°·å¸‚, æ–°æ½ŸçœŒ, 947-0021, æ—¥æœ¬
å°?å?ƒè°·å??æ—¥ç”ºæ´¥å?—ç·š, æ–°ç”ºæ–°ç”°, å¡©è¾›, å??æ—¥ç”ºå¸‚, æ–°æ½ŸçœŒ, 948-0095, æ—¥æœ¬
é«˜æŸ³ç”ºå²¡é‡Žç”º, æŸ?å´Žå¸‚, æ–°æ½ŸçœŒ, 945-1502, æ—¥æœ¬
é•·å²¡å¸‚, æ–°æ½ŸçœŒ, æ—¥æœ¬
å°?å›½ç”ºæ¨ªæ²¢, é•·å²¡å¸‚, æ–°æ½ŸçœŒ, æ—¥æœ¬
è?’è°·ç«œå…‰ç·š, å·?å?£æœ¨æ²¢, é•·å²¡å¸‚, æ–°æ½ŸçœŒ, 949-7504, æ—¥æœ¬
é‡œæ²¢ç”º, é•·å²¡å¸‚, æ–°æ½ŸçœŒ, 940-8621, æ—¥æœ¬
Kabash, QendÃ«r ErsekÃ«, Bashkia KolonjÃ«, Qarku i KorÃ§Ã«s, ShqipÃ«ria Jugore, ShqipÃ«ria
Nabire, Kabupaten Nabire, Papua Tengah, Indonesia
Nabire, Kabupaten Nabire, Papua Tengah, 98811, Indonesia
Marcona, Nasca, Ica, PerÃº
GE OFFICE, á€žá€µá?¼á€ºá‚ˆá€?á?¢á€„á€ºá€¸á?¼á€™á€ºá‚‰á?¸á?¢á€„á€º, á?¼á€™á€ºá‚‰á?¸á?¢á€„á€º, á€”á€™á€ºá€·á€…á€”á€º, á€œá€½á€­á€¯á€„á€ºá€œá€„á€ºá€?á€›á€­á€¯á€„á€º, á€›á€¾á€™á€ºá€¸á€•á€¼á€Šá€ºá€”á€šá€ºá€?á€±á€¬á€„á€ºá€•á€­á€¯á€„á€ºá€¸, á€›á€¾á€™á€ºá€¸á€•á€¼á€Šá€ºá€”á€šá€º Shan State, 06161, á€™á€¼á€”á€ºá€™á€¬
Hakkari Merkez, HakkÃ¢ri, DoÄŸu Anadolu BÃ¶lgesi, TÃ¼rkiye
27, ç¬¹å±±, è“®ç”°å¸‚, åŸ¼çŽ‰çœŒ, 349-0102, æ—¥æœ¬
Ø®Ø§Ù†ÙˆÚ©, Ø¯Ù‡Ø³ØªØ§Ù† Ø®Ø§Ù†ÙˆÚ©, Ø¨Ø®Ø´ Ù…Ø±Ú©Ø²ÛŒ Ø´Ù‡Ø±Ø³ØªØ§Ù† Ø²Ø±Ù†Ø¯, Ø´Ù‡Ø±Ø³ØªØ§Ù† Ø²Ø±Ù†Ø¯, Ø§Ø³ØªØ§Ù† Ú©Ø±Ù…Ø§Ù†, Ø§ÛŒØ±Ø§Ù†
Ø¯Ù‡Ø³ØªØ§Ù† Ø²Ø§Ø¨Ù„ÛŒ, Ø¨Ø®Ø´ Ù…Ø±Ú©Ø²ÛŒ, Ø´Ù‡Ø±Ø³ØªØ§Ù† Ù…Ù‡Ø±Ø³ØªØ§Ù†, Ø§Ø³ØªØ§Ù† Ø³ÛŒØ³ØªØ§Ù† Ùˆ Ø¨Ù„ÙˆÚ†Ø³ØªØ§Ù†, Ø§ÛŒØ±Ø§Ù†
è¥¿åŒº, ç¦?å²¡å¸‚, ç¦?å²¡çœŒ, æ—¥æœ¬
å?‰æ‹‰ä¹¡, à½ à½–à¾²à½¼à½„à¼‹à½”à¼‹à½¢à¾«à½¼à½„à¼‹ ä»²å·´åŽ¿, æ—¥å–€åˆ™å¸‚, è¥¿è—?è‡ªæ²»åŒº - à½–à½¼à½‘à¼‹à½¢à½„à¼‹à½¦à¾?à¾±à½¼à½„à¼‹à½£à¾—à½¼à½„à½¦à¼?, ä¸­å›½
æˆ?æ?±, å±±æ­¦å¸‚, å?ƒè‘‰çœŒ, 289-1326, æ—¥æœ¬
El Sauce, JosÃ© Sabogal, San Marcos, Cajamarca, PerÃº
ç³¸å³¶å¸‚, ç¦?å²¡çœŒ, 819-1304, æ—¥æœ¬
ä¸²é–“å¸‚, å®®å´ŽçœŒ, 888-8555, æ—¥æœ¬
æ?¾å°¾ç”ºåºƒæ ¹, å±±æ­¦å¸‚, å?ƒè‘‰çœŒ, 289-1806, æ—¥æœ¬
Dusun Kobe, Hane, Desa Hane, Timor Tengah Selatan, Nusa Tenggara Timur, 85511, Indonesia
è¢–ã‚±æµ¦å¸‚, å?ƒè‘‰çœŒ, æ—¥æœ¬
Zeytineli, Zeytineli Mahallesi, Urla, Ä°zmir, Ege BÃ¶lgesi, 35430, TÃ¼rkiye
General Lagos, Provincia de Parinacota, RegiÃ³n de Arica y Parinacota, Chile
å››å€‰ç”ºçŽ‰å±±, ã?„ã‚?ã??å¸‚, ç¦?å³¶çœŒ, 979-0223, æ—¥æœ¬
Ruta 21 CH, EstaciÃ³n San Pedro, Calama, Provincia de El Loa, RegiÃ³n de Antofagasta, Chile
Municipio San Pablo de Lipez, Provincia Sur LÃ­pez, PotosÃ­, Bolivia
Ø¬Ø§Ø¯Ù‡ ØªÙ…Ø¨Ø§Ù†, ØªÙ…Ø¨Ø§Ù†, Ø¯Ù‡Ø³ØªØ§Ù† Ø­ÙˆÙ…Ù‡ Ù‚Ø´Ù…, Ø¨Ø®Ø´ Ù…Ø±Ú©Ø²ÛŒ Ø´Ù‡Ø±Ø³ØªØ§Ù† Ù‚Ø´Ù…, Ø´Ù‡Ø±Ø³ØªØ§Ù† Ù‚Ø´Ù…, Ø§Ø³ØªØ§Ù† Ù‡Ø±Ù…Ø²Ú¯Ø§Ù†, Ø§ÛŒØ±Ø§Ù†
Ù„Ø§Ù?Øª, Ø¯Ù‡Ø³ØªØ§Ù† Ø­ÙˆÙ…Ù‡ Ù‚Ø´Ù…, Ø¨Ø®Ø´ Ù…Ø±Ú©Ø²ÛŒ Ø´Ù‡Ø±Ø³ØªØ§Ù† Ù‚Ø´Ù…, Ø´Ù‡Ø±Ø³ØªØ§Ù† Ù‚Ø´Ù…, Ø§Ø³ØªØ§Ù† Ù‡Ø±Ù…Ø²Ú¯Ø§Ù†, Ø§ÛŒØ±Ø§Ù†
å…«ä¸ˆæ”¯åº?, æ?±äº¬éƒ½, æ—¥æœ¬
Minjigang, Phuentshogthang Gewog, à½–à½¦à½˜à¼‹à½‚à¾²à½´à½–à¼‹à½£à¾—à½¼à½„à½¦à¼‹à½˜à½?à½¢à¼‹à½¢à¾«à½¼à½„à¼‹à½?à½‚à¼‹, à½ à½–à¾²à½´à½‚à½¡à½´à½£à¼‹
Ø¯Ù‡Ø³ØªØ§Ù† Ú©ÙˆÙ‡ Ø´Ø§Ù‡, Ø¨Ø®Ø´ Ø§Ø­Ù…Ø¯ÛŒ, Ø´Ù‡Ø±Ø³ØªØ§Ù† Ø­Ø§Ø¬ÛŒ Ø¢Ø¨Ø§Ø¯, Ø§Ø³ØªØ§Ù† Ù‡Ø±Ù…Ø²Ú¯Ø§Ù†, Ø§ÛŒØ±Ø§Ù†
Ø¯Ù‡Ø³ØªØ§Ù† Ù?ÛŒÙ†, Ø¨Ø®Ø´ Ù?ÛŒÙ†, Ø´Ù‡Ø±Ø³ØªØ§Ù† Ø¨Ù†Ø¯Ø±Ø¹Ø¨Ø§Ø³, Ø§Ø³ØªØ§Ù† Ù‡Ø±Ù…Ø²Ú¯Ø§Ù†, Ø§ÛŒØ±Ø§Ù†
Ø¯Ù‡Ø³ØªØ§Ù† Ù?ÛŒÙ†, Ø¨Ø®Ø´ Ù?ÛŒÙ†, Ø´Ù‡Ø±Ø³ØªØ§Ù† Ø¨Ù†Ø¯Ø±Ø¹Ø¨Ø§Ø³, Ø§Ø³ØªØ§Ù† Ù‡Ø±Ù…Ø²Ú¯Ø§Ù†, Ø§ÛŒØ±Ø§Ù†
ä½?ä¼¯å¸‚, å¤§åˆ†çœŒ, æ—¥æœ¬
Ø¯Ù‡Ø³ØªØ§Ù† Ù‚Ø§Ø¦Ø¯Ø±Ø­Ù…Øª, Ø¨Ø®Ø´ Ø²Ø§ØºÙ‡, Ø´Ù‡Ø±Ø³ØªØ§Ù† Ø®Ø±Ù… Ø¢Ø¨Ø§Ø¯, Ø§Ø³ØªØ§Ù† Ù„Ø±Ø³ØªØ§Ù†, Ø§ÛŒØ±Ø§Ù†
ä½³ç?¼é•‡, ç?­æˆˆåŽ¿, é‚£æ›²å¸‚, è¥¿è—?è‡ªæ²»åŒº - à½–à½¼à½‘à¼‹à½¢à½„à¼‹à½¦à¾?à¾±à½¼à½„à¼‹à½£à¾—à½¼à½„à½¦à¼?, ä¸­å›½
ä¼Šæ?±å¸‚, é?™å²¡çœŒ, æ—¥æœ¬
Calama, Provincia de El Loa, RegiÃ³n de Antofagasta, 1395584, Chile
Calama, Provincia de El Loa, RegiÃ³n de Antofagasta, 1395584, Chile
Ø¯Ù‡Ø³ØªØ§Ù† Ø­ÙˆÙ…Ù‡ Ù‚Ø´Ù…, Ø¨Ø®Ø´ Ù…Ø±Ú©Ø²ÛŒ Ø´Ù‡Ø±Ø³ØªØ§Ù† Ù‚Ø´Ù…, Ø´Ù‡Ø±Ø³ØªØ§Ù† Ù‚Ø´Ù…, Ø§Ø³ØªØ§Ù† Ù‡Ø±Ù…Ø²Ú¯Ø§Ù†, 79531-69120, Ø§ÛŒØ±Ø§Ù†
Unalaska, Unorganized Borough, Alaska, United States
Antofagasta, Provincia de Antofagasta, RegiÃ³n de Antofagasta, Chile
Coquimbo, Provincia de Elqui, RegiÃ³n de Coquimbo, Chile
Camino Chiguana-Pajancha, Canton Pelcoya, Municipio San Pedro de Quemes, Provincia Nor LÃ­pez, PotosÃ­, Bolivia
VillazÃ³n, Provincia Modesto Omiste, PotosÃ­, Bolivia
OllagÃ¼e, Provincia de El Loa, RegiÃ³n de Antofagasta, Chile
å¥„ç¾Žå¸‚, é¹¿å…?å³¶çœŒ, æ—¥æœ¬
InclÃ¡n, Tacna, PerÃº
Alto BiobÃ­o, Provincia de BÃ­o-BÃ­o, RegiÃ³n del BiobÃ­o, Chile
ä¼Šè±†å¸‚, é?™å²¡çœŒ, æ—¥æœ¬
AysÃ©n, Provincia de AysÃ©n, RegiÃ³n AysÃ©n del General Carlos IbÃ¡Ã±ez del Campo, Chile
å…«ä¸ˆæ”¯åº?, æ?±äº¬éƒ½, æ—¥æœ¬
è¼ªå³¶å¸‚, çŸ³å·?çœŒ, æ—¥æœ¬
Î‘Î¸Î­Ï?Î±Ï‚, Î”Î·Î¼Î¿Ï„Î¹ÎºÎ® Î•Î½ÏŒÏ„Î·Ï„Î± Î Î±Î»Î¹ÎºÎ®Ï‚, Î”Î®Î¼Î¿Ï‚ Î›Î·Î¾Î¿Ï…Ï?Î¯Î¿Ï…, Î ÎµÏ?Î¹Ï†ÎµÏ?ÎµÎ¹Î±ÎºÎ® Î•Î½ÏŒÏ„Î·Ï„Î± ÎšÎµÏ†Î±Î»Î»Î·Î½Î¯Î±Ï‚, Î ÎµÏ?Î¹Ï†Î­Ï?ÎµÎ¹Î± Î™Î¿Î½Î¯Ï‰Î½ Î?Î®ÏƒÏ‰Î½, Î‘Ï€Î¿ÎºÎµÎ½Ï„Ï?Ï‰Î¼Î­Î½Î· Î”Î¹Î¿Î¯ÎºÎ·ÏƒÎ· Î ÎµÎ»Î¿Ï€Î¿Î½Î½Î®ÏƒÎ¿Ï…, Î”Ï…Ï„Î¹ÎºÎ®Ï‚ Î•Î»Î»Î¬Î´Î±Ï‚ ÎºÎ±Î¹ Î™Î¿Î½Î¯Î¿Ï…, 282 00, Î•Î»Î»Î¬Ï‚
AysÃ©n, Provincia de AysÃ©n, RegiÃ³n AysÃ©n del General Carlos IbÃ¡Ã±ez del Campo, Chile
Camino Lago Presidente Roosevelt, AysÃ©n, Provincia de AysÃ©n, RegiÃ³n AysÃ©n del General Carlos IbÃ¡Ã±ez del Campo, Chile
OllagÃ¼e, Provincia de El Loa, RegiÃ³n de Antofagasta, Chile
å¦¥å??ä¹¡, å?¡è‹¥åŒº, æ˜Œéƒ½å¸‚, è¥¿è—?è‡ªæ²»åŒº - à½–à½¼à½‘à¼‹à½¢à½„à¼‹à½¦à¾?à¾±à½¼à½„à¼‹à½£à¾—à½¼à½„à½¦à¼?, ä¸­å›½
å®?æ´±åŽ¿, å®?æ´±å“ˆå°¼æ—?å½?æ—?è‡ªæ²»åŽ¿, æ™®æ´±å¸‚, äº‘å?—çœ?, 665000, ä¸­å›½
Ø¯Ù‡Ø³ØªØ§Ù† Ú©Ø±Ù…Ø¬Ú¯Ø§Ù†, Ø¨Ø®Ø´ Ù…Ø±Ú©Ø²ÛŒ Ú©Ù‡Ú©, Ø´Ù‡Ø±Ø³ØªØ§Ù† Ú©Ù‡Ú©, Ø§Ø³ØªØ§Ù† Ù‚Ù…, Ø§ÛŒØ±Ø§Ù†
WÄ?n Lai, á€€á€»á€­á€¯á€„á€ºá€¸á€?á€¯á€¶á€™á€¼á€­á€¯á€·á€”á€šá€º, á€€á€»á€­á€¯á€„á€ºá€¸á€?á€¯á€¶á€?á€›á€­á€¯á€„á€º, á€›á€¾á€™á€ºá€¸á€•á€¼á€Šá€ºá€”á€šá€º á€¡á€›á€¾á€±á€·á€•á€­á€¯á€„á€ºá€¸, á€›á€¾á€™á€ºá€¸á€•á€¼á€Šá€ºá€”á€šá€º Shan State, á€™á€¼á€”á€ºá€™á€¬
CallerÃ­a, Coronel Portillo, Ucayali, PerÃº
æŸ?å´Žå¸‚, æ–°æ½ŸçœŒ, æ—¥æœ¬
æŸ?å´Žå¸‚, æ–°æ½ŸçœŒ, æ—¥æœ¬
å°¾é·²å¸‚, ä¸‰é‡?çœŒ, æ—¥æœ¬
Ica, 11001, PerÃº
Canton Cana, Municipio San Pedro de Quemes, Provincia Nor LÃ­pez, PotosÃ­, Bolivia
Buenos Aires, Loja, Ecuador
Fiordland Community, Southland District, Southland, New Zealand/Aotearoa
Fiordland Community, Southland District, Southland, New Zealand/Aotearoa
Antofagasta, Provincia de Antofagasta, RegiÃ³n de Antofagasta, Chile
Colchane, Provincia del Tamarugal, RegiÃ³n de TarapacÃ¡, Chile
Calama, Provincia de El Loa, RegiÃ³n de Antofagasta, Chile
Calama, Provincia de El Loa, RegiÃ³n de Antofagasta, 1395584, Chile
Î†Î³Î¹Î¿Ï‚ Î’Î±ÏƒÎ¯Î»ÎµÎ¹Î¿Ï‚, Î”Î·Î¼Î¿Ï„Î¹ÎºÎ® Î•Î½ÏŒÏ„Î·Ï„Î± Î›ÎµÏ‰Î½Î¹Î´Î¯Î¿Ï…, Î”Î®Î¼Î¿Ï‚ Î?ÏŒÏ„Î¹Î±Ï‚ ÎšÏ…Î½Î¿Ï…Ï?Î¯Î±Ï‚, Î ÎµÏ?Î¹Ï†ÎµÏ?ÎµÎ¹Î±ÎºÎ® Î•Î½ÏŒÏ„Î·Ï„Î± Î‘Ï?ÎºÎ±Î´Î¯Î±Ï‚, Î ÎµÏ?Î¹Ï†Î­Ï?ÎµÎ¹Î± Î ÎµÎ»Î¿Ï€Î¿Î½Î½Î®ÏƒÎ¿Ï…, Î‘Ï€Î¿ÎºÎµÎ½Ï„Ï?Ï‰Î¼Î­Î½Î· Î”Î¹Î¿Î¯ÎºÎ·ÏƒÎ· Î ÎµÎ»Î¿Ï€Î¿Î½Î½Î®ÏƒÎ¿Ï…, Î”Ï…Ï„Î¹ÎºÎ®Ï‚ Î•Î»Î»Î¬Î´Î±Ï‚ ÎºÎ±Î¹ Î™Î¿Î½Î¯Î¿Ï…, 223 00, Î•Î»Î»Î¬Ï‚
Variante Carcote, OllagÃ¼e, Provincia de El Loa, RegiÃ³n de Antofagasta, Chile
ç»µç«¹å¸‚, å¾·é˜³å¸‚, å››å·?çœ?, ä¸­å›½
çŸ³æ´ž, æ¶ªåŸŽåŒº, ç»µé˜³å¸‚, å››å·?çœ?, ä¸­å›½
ç»µç«¹å¸‚, å¾·é˜³å¸‚, å››å·?çœ?, ä¸­å›½
éƒ½æ±Ÿå °å¸‚, æˆ?éƒ½å¸‚, å››å·?çœ?, 611844, ä¸­å›½
å½­å·žå¸‚, æˆ?éƒ½å¸‚, å››å·?çœ?, ä¸­å›½
å¤§åœ°é‡Œ, ç»µé˜³å¸‚, å››å·?çœ?, ä¸­å›½
Îš. Î’ÎµÎ»Î¹Ï„ÏƒÏŽÎ½, Î†Î½Ï‰ Î’ÎµÎ»Î¹Ï„ÏƒÎ­Ï‚, Î”Î·Î¼Î¿Ï„Î¹ÎºÎ® Î•Î½ÏŒÏ„Î·Ï„Î± Î›Î±Ï?Î¹ÏƒÏƒÎ¿Ï?, Î”Î®Î¼Î¿Ï‚ Î”Ï…Ï„Î¹ÎºÎ®Ï‚ Î‘Ï‡Î±Î?Î±Ï‚, Î ÎµÏ?Î¹Ï†ÎµÏ?ÎµÎ¹Î±ÎºÎ® Î•Î½ÏŒÏ„Î·Ï„Î± Î‘Ï‡Î±Î?Î±Ï‚, Î ÎµÏ?Î¹Ï†Î­Ï?ÎµÎ¹Î± Î”Ï…Ï„Î¹ÎºÎ®Ï‚ Î•Î»Î»Î¬Î´Î±Ï‚, Î‘Ï€Î¿ÎºÎµÎ½Ï„Ï?Ï‰Î¼Î­Î½Î· Î”Î¹Î¿Î¯ÎºÎ·ÏƒÎ· Î ÎµÎ»Î¿Ï€Î¿Î½Î½Î®ÏƒÎ¿Ï…, Î”Ï…Ï„Î¹ÎºÎ®Ï‚ Î•Î»Î»Î¬Î´Î±Ï‚ ÎºÎ±Î¹ Î™Î¿Î½Î¯Î¿Ï…, 270 52, Î•Î»Î»Î¬Ï‚
ä¸€é–¢å¸‚, å²©æ‰‹çœŒ, æ—¥æœ¬
å¤§å´Žå¸‚, å®®åŸŽçœŒ, æ—¥æœ¬
ç››å²¡å¸‚, å²©æ‰‹çœŒ, æ—¥æœ¬
çŽ‹å®¶é™¢, ç»µé˜³å¸‚, å››å·?çœ?, ä¸­å›½
éš†æ ¼å°”ä¹¡, à½ à½–à¾²à½¼à½„à¼‹à½”à¼‹à½¢à¾«à½¼à½„à¼‹ ä»²å·´åŽ¿, æ—¥å–€åˆ™å¸‚, è¥¿è—?è‡ªæ²»åŒº - à½–à½¼à½‘à¼‹à½¢à½„à¼‹à½¦à¾?à¾±à½¼à½„à¼‹à½£à¾—à½¼à½„à½¦à¼?, ä¸­å›½
CallerÃ­a, Coronel Portillo, Ucayali, PerÃº
è¿¤å·´åˆ©, ä»?å’ŒåŒº, æ”€æž?èŠ±å¸‚, å››å·?çœ?, ä¸­å›½
ä¼šç?†å¸‚, å‡‰å±±å½?æ—?è‡ªæ²»å·ž, å››å·?çœ?, ä¸­å›½
Ø´Ù‡Ø±Ú© Ù…Ø³Ú©ÙˆÙ†ÛŒ Ù¾Ø±ÙˆØ§Ø², Ø¯Ù‡Ø³ØªØ§Ù† ØµÙ„Ø®, Ø¨Ø®Ø´ Ø´Ù‡Ø§Ø¨, Ø´Ù‡Ø±Ø³ØªØ§Ù† Ù‚Ø´Ù…, Ø§Ø³ØªØ§Ù† Ù‡Ø±Ù…Ø²Ú¯Ø§Ù†, Ø§ÛŒØ±Ø§Ù†
éš†æ ¼å°”ä¹¡, à½ à½–à¾²à½¼à½„à¼‹à½”à¼‹à½¢à¾«à½¼à½„à¼‹ ä»²å·´åŽ¿, æ—¥å–€åˆ™å¸‚, è¥¿è—?è‡ªæ²»åŒº - à½–à½¼à½‘à¼‹à½¢à½„à¼‹à½¦à¾?à¾±à½¼à½„à¼‹à½£à¾—à½¼à½„à½¦à¼?, ä¸­å›½
æ ¼è¾¾ä¹¡, å½“é›„åŽ¿, æ‹‰è?¨å¸‚, è¥¿è—?è‡ªæ²»åŒº - à½–à½¼à½‘à¼‹à½¢à½„à¼‹à½¦à¾?à¾±à½¼à½„à¼‹à½£à¾—à½¼à½„à½¦à¼?, ä¸­å›½
æ ¼è¾¾ä¹¡, å½“é›„åŽ¿, æ‹‰è?¨å¸‚, è¥¿è—?è‡ªæ²»åŒº - à½–à½¼à½‘à¼‹à½¢à½„à¼‹à½¦à¾?à¾±à½¼à½„à¼‹à½£à¾—à½¼à½„à½¦à¼?, ä¸­å›½
Condoriri, Municipio San Lucas, Provincia Nor Cinti, Chuquisaca, Bolivia
æŸ´æ—¦é•‡, å¤§æŸ´æ—¦è¡Œæ”¿å§”å‘˜ä¼š, æµ·è¥¿è’™å?¤æ—?è—?æ—?è‡ªæ²»å·ž, é?’æµ·çœ?, 816200, ä¸­å›½
Calle Alto GuaymÃ­, Alto Carona, Conte Burica, CantÃ³n Golfito, Provincia Puntarenas, Costa Rica
OllagÃ¼e, Provincia de El Loa, RegiÃ³n de Antofagasta, Chile
å®®å´Žå¸‚, å®®å´ŽçœŒ, 880-8505, æ—¥æœ¬
Via Collicigliu, Piaggia, Casavecchia, L'Aquila, Lucoli, L'Aquila, Abruzzo, 67045, Italia
Strada Regionale 5 bis Vestina Sarentina, San Martino d'Ocre, Ocre, L'Aquila, Abruzzo, 67040, Italia
Municipio San Pablo de Lipez, Provincia Sur LÃ­pez, PotosÃ­, Bolivia
á€–á€±á€«á€„á€ºá€¸á€•á€¼á€„á€º, á€–á€±á€¬á€„á€ºá€¸á€•á€¼á€„á€º, á€™á€±á€¬á€ºá€œá€­á€¯á€€á€ºá€?á€›á€­á€¯á€„á€º, á€…á€…á€ºá€€á€­á€¯á€„á€ºá€¸á€?á€­á€¯á€„á€ºá€¸ (Sagaing), 02061, á€™á€¼á€”á€ºá€™á€¬
æŸ´æ—¦é•‡, å¤§æŸ´æ—¦è¡Œæ”¿å§”å‘˜ä¼š, æµ·è¥¿è’™å?¤æ—?è—?æ—?è‡ªæ²»å·ž, é?’æµ·çœ?, 816200, ä¸­å›½
æŸ´æ—¦é•‡, å¤§æŸ´æ—¦è¡Œæ”¿å§”å‘˜ä¼š, æµ·è¥¿è’™å?¤æ—?è—?æ—?è‡ªæ²»å·ž, é?’æµ·çœ?, 816200, ä¸­å›½
à½§à½¼à¼‹à½?à½¼à¼‹à½?à¼‹à½£à¼‹à½‘à½‚à½¼à½“ æ€€å¤´ä»–æ‹‰é•‡, å¾·ä»¤å“ˆå¸‚, æµ·è¥¿è’™å?¤æ—?è—?æ—?è‡ªæ²»å·ž, é?’æµ·çœ?, ä¸­å›½
æŸ´æ—¦é•‡, å¤§æŸ´æ—¦è¡Œæ”¿å§”å‘˜ä¼š, æµ·è¥¿è’™å?¤æ—?è—?æ—?è‡ªæ²»å·ž, é?’æµ·çœ?, 816200, ä¸­å›½
å?—ã?•ã?¤ã?¾å¸‚, é¹¿å…?å³¶çœŒ, æ—¥æœ¬
Serkhan, Serkhagphoog Yenkhartshing, Dramedtse Gewog, à½˜à½¼à½„à¼‹à½¦à¾’à½¢à¼‹à½¢à¾«à½¼à½„à¼‹à½?à½‚à¼‹, à½ à½–à¾²à½´à½‚à½¡à½´à½£à¼‹
Chacaqui, Municipio Puerto Acosta, Provincia de Eliodoro Camacho, La Paz, Bolivia
Municipio Mairana, Provincia Florida, Santa Cruz, Bolivia
á€–á€±á€¬á€„á€ºá€¸á€•á€¼á€„á€º, á€™á€±á€¬á€ºá€œá€­á€¯á€€á€ºá€?á€›á€­á€¯á€„á€º, á€…á€…á€ºá€€á€­á€¯á€„á€ºá€¸á€?á€­á€¯á€„á€ºá€¸ (Sagaing), á€™á€¼á€”á€ºá€™á€¬
Mati, Davao Oriental, Davao Region, 8200, Philippines
PNH 1, Kharza_Leyphoog, Yangnyer Gewog, à½–à½€à¾²à¼‹à½¤à½²à½¦à¼‹à½¦à¾’à½„à¼‹à½¢à¾«à½¼à½„à¼‹à½?à½‚à¼‹, 42001, à½ à½–à¾²à½´à½‚à½¡à½´à½£à¼‹
11e Gros Morne, LÃ©ogÃ¢ne, Commune LÃ©ogÃ¢ne, Arrondissement de LÃ©ogÃ¢ne, DÃ©partement de l'Ouest, Ayiti
1re TÃªte-Ã -BÅ“uf, Commune Grand-GoÃ¢ve, Arrondissement de LÃ©ogÃ¢ne, DÃ©partement de l'Ouest, Ayiti
6e Orangers, Povot, Commune LÃ©ogÃ¢ne, Arrondissement de LÃ©ogÃ¢ne, DÃ©partement de l'Ouest, Ayiti
11e Ravine SÃ¨che, Petit-GoÃ¢ve, Commune Petit-GoÃ¢ve, Arrondissement de LÃ©ogÃ¢ne, DÃ©partement de l'Ouest, 6220, Ayiti
12e des Fourques, Charlemagne, Commune Petit-GoÃ¢ve, Arrondissement de LÃ©ogÃ¢ne, DÃ©partement de l'Ouest, 6220, Ayiti
7Ã¨me-Des-Platons, Nan Perrine, Commune Petit-GoÃ¢ve, Arrondissement de LÃ©ogÃ¢ne, DÃ©partement de l'Ouest, Ayiti
Î™Ï„Î­Î±Ï‚ - Î‘Î½Ï„Î¹Ï?Ï?Î¯Î¿Ï…, ÎœÎ±Î³Î¿Ï?Î»Î±, KÎ¿Î¹Î½ÏŒÏ„Î·Ï„Î± ÎœÎ¿Î½Î±ÏƒÏ„Î·Ï?Î±ÎºÎ¯Î¿Ï…, Î”Î·Î¼Î¿Ï„Î¹ÎºÎ® Î•Î½ÏŒÏ„Î·Ï„Î± Î•Ï…Ï€Î±Î»Î¯Î¿Ï…, Î”Î®Î¼Î¿Ï‚ Î”Ï‰Ï?Î¯Î´Î¿Ï‚, Î ÎµÏ?Î¹Ï†ÎµÏ?ÎµÎ¹Î±ÎºÎ® Î•Î½ÏŒÏ„Î·Ï„Î± Î¦Ï‰ÎºÎ¯Î´Î±Ï‚, Î ÎµÏ?Î¹Ï†Î­Ï?ÎµÎ¹Î± Î£Ï„ÎµÏ?ÎµÎ¬Ï‚ Î•Î»Î»Î¬Î´Î¿Ï‚, Î‘Ï€Î¿ÎºÎµÎ½Ï„Ï?Ï‰Î¼Î­Î½Î· Î”Î¹Î¿Î¯ÎºÎ·ÏƒÎ· Î˜ÎµÏƒÏƒÎ±Î»Î¯Î±Ï‚ - Î£Ï„ÎµÏ?ÎµÎ¬Ï‚ Î•Î»Î»Î¬Î´Î¿Ï‚, 330 56, Î•Î»Î»Î¬Ï‚
12e des Fourques, Kalbasye, Commune Petit-GoÃ¢ve, Arrondissement de LÃ©ogÃ¢ne, DÃ©partement de l'Ouest, Ayiti
Manantay, Coronel Portillo, Ucayali, 25002, PerÃº
Lebu, Provincia de Arauco, RegiÃ³n del BiobÃ­o, Chile
Acceso Los Maquis - Las Bandurrias, Quebrada Honda, Angol, Provincia de Malleco, RegiÃ³n de la AraucanÃ­a, Chile
å¤šç´?é‡Œ, èŒ‚æž—å?€, é«˜é›„å¸‚, 851, è‡ºç?£
Camino a Cupo, Cupo, Calama, Provincia de El Loa, RegiÃ³n de Antofagasta, Chile
Lebu, Provincia de Arauco, RegiÃ³n del BiobÃ­o, Chile
ç´¢é›„ä¹¡, à½‚à½‰à½“à¼‹à½¢à½¼à½„à¼‹à½¢à¾«à½¼à½„à¼‹ / è?‚è?£åŽ¿ / Nyainrong, é‚£æ›²å¸‚, è¥¿è—?è‡ªæ²»åŒº - à½–à½¼à½‘à¼‹à½¢à½„à¼‹à½¦à¾?à¾±à½¼à½„à¼‹à½£à¾—à½¼à½„à½¦à¼?, ä¸­å›½
Canto del Agua - Hacienda Castilla - Cruce Mina Ligas Negras, CopiapÃ³, Provincia de CopiapÃ³, RegiÃ³n de Atacama, Chile
Carretera de Acequias a N-323b, Acequias, MondÃºjar, LecrÃ­n, Comarca del Valle de LecrÃ­n, Granada, AndalucÃ­a, 18657, EspaÃ±a
Municipio de Retalhuleu, Retalhuleu, Guatemala
Tacna, PerÃº
PE-30D, Huanca Sancos, Raquina, Sancos, Huancasancos, Ayacucho, PerÃº
Calama, Provincia de El Loa, RegiÃ³n de Antofagasta, 1395584, Chile
Ø¯Ù‡Ø³ØªØ§Ù† Ù?Ø±Ø§Ù…Ø±Ø²Ø§Ù†, Ø¨Ø®Ø´ Ø¬Ù†Ø§Ø­, Ø´Ù‡Ø±Ø³ØªØ§Ù† Ø¨Ø³ØªÚ©, Ø§Ø³ØªØ§Ù† Ù‡Ø±Ù…Ø²Ú¯Ø§Ù†, Ø§ÛŒØ±Ø§Ù†
Ø¯Ù‡Ø³ØªØ§Ù† Ø¢Ø³ØªØ§Ù†Ù‡, Ø¨Ø®Ø´ Ù…Ø±Ú©Ø²ÛŒ Ø´Ù‡Ø±Ø³ØªØ§Ù† Ø±Ø´ØªØ®ÙˆØ§Ø±, Ø´Ù‡Ø±Ø³ØªØ§Ù† Ø±Ø´ØªØ®ÙˆØ§Ø±, Ø§Ø³ØªØ§Ù† Ø®Ø±Ø§Ø³Ø§Ù† Ø±Ø¶ÙˆÛŒ, Ø§ÛŒØ±Ø§Ù†
Ø¯Ù‡Ø³ØªØ§Ù† Ù‚Ù‡Ø§Ø¨ Ø±Ø³ØªØ§Ù‚, Ø¨Ø®Ø´ Ø§Ù…ÛŒØ±Ø¢Ø¨Ø§Ø¯, Ø´Ù‡Ø±Ø³ØªØ§Ù† Ø¯Ø§Ù…ØºØ§Ù†, Ø§Ø³ØªØ§Ù† Ø³Ù…Ù†Ø§Ù†, Ø§ÛŒØ±Ø§Ù†
CallerÃ­a, Coronel Portillo, Ucayali, PerÃº
Bajos del Toro, Toro Amarillo, CantÃ³n SarchÃ­, Provincia Alajuela, 21203, Costa Rica
Canton Cana, Municipio San Pedro de Quemes, Provincia Nor LÃ­pez, PotosÃ­, Bolivia
Ð‘Ð°ÑšÑ?ÐºÐ°, Ð¡Ð¸Ñ€Ñ‡Ð°Ð½Ñ?ÐºÐ° Ð‘Ð°ÑšÐ°, Ð¡Ð¸Ñ€Ñ‡Ð°, Ð“Ñ€Ð°Ð´ ÐšÑ€Ð°Ñ™ÐµÐ²Ð¾, Ð Ð°ÑˆÐºÐ¸ ÑƒÐ¿Ñ€Ð°Ð²Ð½Ð¸ Ð¾ÐºÑ€ÑƒÐ³, Ð¦ÐµÐ½Ñ‚Ñ€Ð°Ð»Ð½Ð° Ð¡Ñ€Ð±Ð¸Ñ˜Ð°, 36101, Ð¡Ñ€Ð±Ð¸Ñ˜Ð°
å°?ç¬ åŽŸæ?‘, å°?ç¬ åŽŸæ”¯åº?, æ?±äº¬éƒ½, 100-2101, æ—¥æœ¬
Ø¯Ù‡Ø³ØªØ§Ù† Ø¨Ø§ØºØ§Ù†, Ø¨Ø®Ø´ Ù…Ø­Ù…Ù„Ù‡, Ø´Ù‡Ø±Ø³ØªØ§Ù† Ø®Ù†Ø¬, Ø§Ø³ØªØ§Ù† Ù?Ø§Ø±Ø³, Ø§ÛŒØ±Ø§Ù†
Ø¯Ù‡Ø³ØªØ§Ù† Ú¯Ø§ÙˆÚ©Ø§Ù†, Ø¨Ø®Ø´ Ù…Ø±Ú©Ø²ÛŒ Ø´Ù‡Ø±Ø³ØªØ§Ù† Ø±ÛŒÚ¯Ø§Ù†, Ø´Ù‡Ø±Ø³ØªØ§Ù† Ø±ÛŒÚ¯Ø§Ù†, Ø§Ø³ØªØ§Ù† Ú©Ø±Ù…Ø§Ù†, Ø§ÛŒØ±Ø§Ù†
Ø¯Ù‡Ø³ØªØ§Ù† Ú¯Ø§ÙˆÚ©Ø§Ù†, Ø¨Ø®Ø´ Ù…Ø±Ú©Ø²ÛŒ Ø´Ù‡Ø±Ø³ØªØ§Ù† Ø±ÛŒÚ¯Ø§Ù†, Ø´Ù‡Ø±Ø³ØªØ§Ù† Ø±ÛŒÚ¯Ø§Ù†, Ø§Ø³ØªØ§Ù† Ú©Ø±Ù…Ø§Ù†, Ø§ÛŒØ±Ø§Ù†
91, Avoca Valley Road, Murray Aynsley, Hillsborough, Christchurch, Christchurch City, Canterbury, 8007, New Zealand/Aotearoa
East Side Bush Track, Cashmere, Spreydon-Cashmere Community, Christchurch City, Canterbury, 8022, New Zealand/Aotearoa
357, Worsleys Road, Cashmere, Christchurch, Christchurch City, Canterbury, 8022, New Zealand/Aotearoa
å?—ç›¸é¦¬å¸‚, ç¦?å³¶çœŒ, æ—¥æœ¬
éŠšå­?å¸‚, å?ƒè‘‰çœŒ, æ—¥æœ¬
å·?äº•ä½?ç”°ç·š, å®®å?¤å¸‚, å²©æ‰‹çœŒ, æ—¥æœ¬
å?›ã‚±æµœ, éŠšå­?å¸‚, å?ƒè‘‰çœŒ, 288-0012, æ—¥æœ¬
éŠšå­?å¸‚, å?ƒè‘‰çœŒ, æ—¥æœ¬
é¹¿å¶‹å¸‚, èŒ¨åŸŽçœŒ, æ—¥æœ¬
æ?¿å€‰åŒºé–¢ç”°, ä¸Šè¶Šå¸‚, æ–°æ½ŸçœŒ, æ—¥æœ¬
æ—­å¸‚, å?ƒè‘‰çœŒ, 289-2511, æ—¥æœ¬
å¤§å­—é•·æ²¢, å¦™é«˜å¸‚, æ–°æ½ŸçœŒ, æ—¥æœ¬
é™¸å‰?é«˜ç”°å¸‚, å²©æ‰‹çœŒ, æ—¥æœ¬
ä¸‹æ?¡, å¯Œå£«å®®å¸‚, é?™å²¡çœŒ, 419-0302, æ—¥æœ¬
å€‰æ©‹, æ—­å¸‚, å?ƒè‘‰çœŒ, 289-2613, æ—¥æœ¬
æ—­å¸‚, å?ƒè‘‰çœŒ, æ—¥æœ¬
æ —æž—ç”º, é‡œçŸ³å¸‚, å²©æ‰‹çœŒ, æ—¥æœ¬
æ‰?é‰¢ãƒ?ã‚¤ãƒ‘ã‚¹, ã?„ã‚?ã??å¸‚, ç¦?å³¶çœŒ, 972-0251, æ—¥æœ¬
å¤§èˆ¹æ¸¡å¸‚, å²©æ‰‹çœŒ, æ—¥æœ¬
á€?á€¬á€?á€»á€®á€œá€­á€?á€º, á€?á€¬á€?á€»á€®á€œá€­á€?á€ºá€?á€›á€­á€¯á€„á€º, á€›á€¾á€™á€ºá€¸á€•á€¼á€Šá€ºá€”á€šá€º á€¡á€›á€¾á€±á€·á€•á€­á€¯á€„á€ºá€¸, á€›á€¾á€™á€ºá€¸á€•á€¼á€Šá€ºá€”á€šá€º Shan State, á€™á€¼á€”á€ºá€™á€¬
á€?á€¬á€?á€»á€®á€œá€­á€?á€º, á€?á€¬á€?á€»á€®á€œá€­á€?á€ºá€?á€›á€­á€¯á€„á€º, á€›á€¾á€™á€ºá€¸á€•á€¼á€Šá€ºá€”á€šá€º á€¡á€›á€¾á€±á€·á€•á€­á€¯á€„á€ºá€¸, á€›á€¾á€™á€ºá€¸á€•á€¼á€Šá€ºá€”á€šá€º Shan State, á€™á€¼á€”á€ºá€™á€¬
æ°—ä»™æ²¼å¸‚, å®®åŸŽçœŒ, æ—¥æœ¬
é™¸å‰?é«˜ç”°å¸‚, å²©æ‰‹çœŒ, æ—¥æœ¬
é‡œçŸ³å¸‚, å²©æ‰‹çœŒ, 028-1101, æ—¥æœ¬
Colchane, Provincia del Tamarugal, RegiÃ³n de TarapacÃ¡, Chile
é®‘è?’å´Ž, çŸ³å·»å¸‚, å®®åŸŽçœŒ, æ—¥æœ¬
ä¸­é‡Žå¸‚, é•·é‡ŽçœŒ, 389-2261, æ—¥æœ¬
ç™½æ²³å¸‚, ç¦?å³¶çœŒ, æ—¥æœ¬
ã?‚ã?•ã?²ãƒ¶ä¸˜ã‚«ãƒ³ãƒˆãƒªãƒ¼ã‚¯ãƒ©ãƒ–, æ?±åŒ—è‡ªå‹•è»Šé?“, å°?é‡Žå?£ç”º, æ ƒæœ¨å¸‚, æ ƒæœ¨çœŒ, 328-0054, æ—¥æœ¬
æ?±é‡‘å±±ç”°å?°ç·š, å…«è¡—å¸‚, å?ƒè‘‰çœŒ, 283-8686, æ—¥æœ¬
å?—ç›¸é¦¬å¸‚, ç¦?å³¶çœŒ, æ—¥æœ¬
Marakuru, Guadalcanal, Solomon Islands
æ±ªæ¸…åŽ¿, å»¶è¾¹æœ?é²œæ—?è‡ªæ²»å·ž, å?‰æž—çœ?, ä¸­å›½
æ³¢å´Žæ–°æ¸¯, ç¥žæ –å¸‚, èŒ¨åŸŽçœŒ, 288-0066, æ—¥æœ¬
è“®æ²¼ãƒ?, å±±æ­¦å¸‚, å?ƒè‘‰çœŒ, 289-1806, æ—¥æœ¬
å¹³éŽŒç”°, ã?„ã‚?ã??å¸‚, ç¦?å³¶çœŒ, 970-8799, æ—¥æœ¬
Te Ara Ihutai Christchurch Coastal Path, Redcliffs, Linwood-Central-Heathcote Community, Christchurch City, Canterbury, 8081, New Zealand/Aotearoa
Ø¯Ù‡Ø³ØªØ§Ù† Ø¯Ù‡ Ú©Ù‡Ø§Ù†, Ø¨Ø®Ø´ Ù…Ø±Ú©Ø²ÛŒ Ø´Ù‡Ø±Ø³ØªØ§Ù† Ú©Ù‡Ù†ÙˆØ¬, Ø´Ù‡Ø±Ø³ØªØ§Ù† Ú©Ù‡Ù†ÙˆØ¬, Ø§Ø³ØªØ§Ù† Ú©Ø±Ù…Ø§Ù†, Ø§ÛŒØ±Ø§Ù†
AscotÃ¡n, OllagÃ¼e, Provincia de El Loa, RegiÃ³n de Antofagasta, Chile
å°?å·?ç”ºä¸‰å³¶, ã?„ã‚?ã??å¸‚, ç¦?å³¶çœŒ, 979-3124, æ—¥æœ¬
é™¸å‰?é«˜ç”°å¸‚, å²©æ‰‹çœŒ, æ—¥æœ¬
ã?„ã‚?ã??å¸‚, ç¦?å³¶çœŒ, æ—¥æœ¬
å®®å?¤å¸‚, å²©æ‰‹çœŒ, æ—¥æœ¬
å¾¡å‰?å´Žå¸‚, é?™å²¡çœŒ, 437-1612, æ—¥æœ¬
æ˜Žæ²»å›£åœ°, ã?„ã‚?ã??å¸‚, ç¦?å³¶çœŒ, 970-8034, æ—¥æœ¬
CallerÃ­a, Coronel Portillo, Ucayali, PerÃº
Maapâ€², Yap, Micronesia
Ica, 11001, PerÃº
Ica, 11001, PerÃº
å°¼å‹’å…‹åŽ¿, ä¼ŠçŠ?å“ˆè?¨å…‹è‡ªæ²»å·ž, æ–°ç–†ç»´å?¾å°”è‡ªæ²»åŒº, ä¸­å›½
Antofagasta, Provincia de Antofagasta, RegiÃ³n de Antofagasta, Chile
Canton San Antonio, Municipio Loreto, Provincia de MarbÃ¡n, Beni, Bolivia
Ruta C-438, CopiapÃ³, Provincia de CopiapÃ³, RegiÃ³n de Atacama, Chile
Marine Parade, South New Brighton, Coastal-Burwood Community, Christchurch, Christchurch City, Canterbury, 8081, New Zealand/Aotearoa
Camino Guachupita / Camino La MonterÃ­a, Sabana Indio, Villa GÃ¼era, BanÃ­, Peravia, RepÃºblica Dominicana
ã?„ã‚?ã??å¸‚, ç¦?å³¶çœŒ, æ—¥æœ¬
Pampa de Tate, PachacÃºtec, Ica, PerÃº
æ—­å¸‚, å?ƒè‘‰çœŒ, æ—¥æœ¬
ç¤¾ä¼šç¦?ç¥‰æ³•äººæ­¦å°Šä¼š ç‰¹åˆ¥é¤Šè­·è€?äººãƒ›ãƒ¼ãƒ å¡©èˆ¹åœ’, åŸŽå±±é€šã‚Š, å?¹ä¸Š, é?’æ¢…å¸‚, æ?±äº¬éƒ½, 198-0011, æ—¥æœ¬
El Espino, ConstituciÃ³n, Provincia de Talca, RegiÃ³n del Maule, Chile
ã?„ã‚?ã??æµªæ±Ÿç·š, å››å€‰ç”ºæˆ¸ç”°, ã?„ã‚?ã??å¸‚, ç¦?å³¶çœŒ, 979-0223, æ—¥æœ¬
ã?„ã‚?ã??å¸‚, ç¦?å³¶çœŒ, æ—¥æœ¬
Bente / Sakita, Bungku Tengah, Morowali, Sulawesi Tengah, Indonesia
æ?¾å°¾ç”ºæœ¨åˆ€, å±±æ­¦å¸‚, å?ƒè‘‰çœŒ, 289-1523, æ—¥æœ¬
é…’è”µ, æ?±é‡‘å¸‚, å?ƒè‘‰çœŒ, 283-0831, æ—¥æœ¬
å®®å?¤å¸‚, å²©æ‰‹çœŒ, æ—¥æœ¬
Ruta A-23, Chislluma, General Lagos, Provincia de Parinacota, RegiÃ³n de Arica y Parinacota, Chile
é™¸å‰?é«˜ç”°å¸‚, å²©æ‰‹çœŒ, æ—¥æœ¬
å·©ä¹ƒæ–¯é•‡, å’Œé?™åŽ¿, å·´éŸ³éƒ­æ¥žè’™å?¤è‡ªæ²»å·ž, æ–°ç–†ç»´å?¾å°”è‡ªæ²»åŒº, ä¸­å›½
Sol del Oriente, Mazaray, CallerÃ­a, Coronel Portillo, Ucayali, PerÃº
Ø¯Ù‡Ø³ØªØ§Ù† Ø¨Ø¯ÙˆØ³ØªØ§Ù† ØºØ±Ø¨ÛŒ, Ø¨Ø®Ø´ Ø®ÙˆØ§Ø¬Ù‡, Ø´Ù‡Ø±Ø³ØªØ§Ù† Ù‡Ø±ÛŒØ³, Ø§Ø³ØªØ§Ù† Ø¢Ø°Ø±Ø¨Ø§ÛŒØ¬Ø§Ù† Ø´Ø±Ù‚ÛŒ, Ø§ÛŒØ±Ø§Ù†
Valencia, Bukidnon, Northern Mindanao, 8710, Philippines
OllagÃ¼e, Provincia de El Loa, RegiÃ³n de Antofagasta, Chile
çŸ³å·»å¸‚, å®®åŸŽçœŒ, æ—¥æœ¬
Area E (Moresby Island), North Coast Regional District, British Columbia, V0T 1T0, Canada
Area E (Moresby Island), North Coast Regional District, British Columbia, V0T 1T0, Canada
á€€á€”á€ºá€·á€˜á€œá€°, á€…á€…á€ºá€€á€­á€¯á€„á€ºá€¸á€?á€­á€¯á€„á€ºá€¸ (Sagaing), 02214, á€™á€¼á€”á€ºá€™á€¬
á€€á€”á€ºá€·á€˜á€œá€°, á€…á€…á€ºá€€á€­á€¯á€„á€ºá€¸á€?á€­á€¯á€„á€ºá€¸ (Sagaing), 02214, á€™á€¼á€”á€ºá€™á€¬
Ø¯Ù‡Ø³ØªØ§Ù† Ø³ÛŒØ±Ú†, Ø¨Ø®Ø´ Ø´Ù‡Ø¯Ø§Ø¯, Ø´Ù‡Ø±Ø³ØªØ§Ù† Ú©Ø±Ù…Ø§Ù†, Ø§Ø³ØªØ§Ù† Ú©Ø±Ù…Ø§Ù†, Ø§ÛŒØ±Ø§Ù†
Vallenar, Provincia de Huasco, RegiÃ³n de Atacama, Chile
æ¸…å·?ç”ºè¥¿ä¸‰ç·š, å¸¯åºƒå¸‚, å??å‹?ç·?å?ˆæŒ¯èˆˆå±€, åŒ—æµ·é?“, æ—¥æœ¬
æ´²æœ¬å¸‚, å…µåº«çœŒ, æ—¥æœ¬
Ø¯Ù‡Ø³ØªØ§Ù† Ú¯Ø´Øª, Ø¨Ø®Ø´ Ù…Ø±Ú©Ø²ÛŒ, Ø´Ù‡Ø±Ø³ØªØ§Ù† Ø³Ø±Ø§ÙˆØ§Ù†, Ø§Ø³ØªØ§Ù† Ø³ÛŒØ³ØªØ§Ù† Ùˆ Ø¨Ù„ÙˆÚ†Ø³ØªØ§Ù†, Ø§ÛŒØ±Ø§Ù†
Ø¯Ù‡Ø³ØªØ§Ù† Ø¨ÛŒÙ„Ø±ÛŒ, Ø¨Ø®Ø´ Ù…Ø±Ú©Ø²ÛŒ, Ø´Ù‡Ø±Ø³ØªØ§Ù† Ø®Ø§Ø´, Ø§Ø³ØªØ§Ù† Ø³ÛŒØ³ØªØ§Ù† Ùˆ Ø¨Ù„ÙˆÚ†Ø³ØªØ§Ù†, Ø§ÛŒØ±Ø§Ù†
ä¸‰å®…æ?‘, ä¸‰å®…æ”¯åº?, æ?±äº¬éƒ½, æ—¥æœ¬
éŠšå­?å¸‚, å?ƒè‘‰çœŒ, æ—¥æœ¬
Ø¯Ù‡Ø³ØªØ§Ù† Ø³Ø±Ø¯Ø´Øª, Ø¨Ø®Ø´ Ù…Ø±Ú©Ø²ÛŒ, Ø´Ù‡Ø±Ø³ØªØ§Ù† Ø¨Ø´Ø§Ú¯Ø±Ø¯, Ø§Ø³ØªØ§Ù† Ù‡Ø±Ù…Ø²Ú¯Ø§Ù†, Ø§ÛŒØ±Ø§Ù†
Ø¯Ù‡Ø³ØªØ§Ù† Ø¬Ú©Ø¯Ø§Ù†, Ø¨Ø®Ø´ Ù…Ø±Ú©Ø²ÛŒ, Ø´Ù‡Ø±Ø³ØªØ§Ù† Ø¨Ø´Ø§Ú¯Ø±Ø¯, Ø§Ø³ØªØ§Ù† Ù‡Ø±Ù…Ø²Ú¯Ø§Ù†, Ø§ÛŒØ±Ø§Ù†
Ø¨Ù† Ù†Ø±, Ø¯Ù‡Ø³ØªØ§Ù† Ú¯ÙˆÙ‡Ø±Ø§Ù†, Ø¨Ø®Ø´ Ú¯ÙˆÙ‡Ø±Ø§Ù†, Ø´Ù‡Ø±Ø³ØªØ§Ù† Ø¨Ø´Ø§Ú¯Ø±Ø¯, Ø§Ø³ØªØ§Ù† Ù‡Ø±Ù…Ø²Ú¯Ø§Ù†, Ø§ÛŒØ±Ø§Ù†
ç”°å¦¥é•‡, å·¦è´¡åŽ¿, æ˜Œéƒ½å¸‚, è¥¿è—?è‡ªæ²»åŒº - à½–à½¼à½‘à¼‹à½¢à½„à¼‹à½¦à¾?à¾±à½¼à½„à¼‹à½£à¾—à½¼à½„à½¦à¼?, ä¸­å›½
Calama, Provincia de El Loa, RegiÃ³n de Antofagasta, 1395584, Chile
á€€á€”á€ºá€·á€˜á€œá€°, á€…á€…á€ºá€€á€­á€¯á€„á€ºá€¸á€?á€­á€¯á€„á€ºá€¸ (Sagaing), 02214, á€™á€¼á€”á€ºá€™á€¬
Playa Grande, Coquimbo, Provincia de Elqui, RegiÃ³n de Coquimbo, Chile
è¾²æ¥­ç”¨é?“è·¯, æ–°åˆ©æ ¹, æŸ?å¸‚, å?ƒè‘‰çœŒ, 277-0803, æ—¥æœ¬
æ˜Ÿä¹…å–œç”º, ä¸­å¤®åŒº, å?ƒè‘‰å¸‚, å?ƒè‘‰çœŒ, 264-0017, æ—¥æœ¬
é³¥ç¾½å¸‚, ä¸‰é‡?çœŒ, 517-0011, æ—¥æœ¬
Ø¯Ù‡Ø³ØªØ§Ù† Ø§Ù„ÙˆÙ†Ø¯, Ø¨Ø®Ø´ Ù…Ø±Ú©Ø²ÛŒ, Ø´Ù‡Ø±Ø³ØªØ§Ù† Ù‚ØµØ± Ø´ÛŒØ±ÛŒÙ†, Ø§Ø³ØªØ§Ù† Ú©Ø±Ù…Ø§Ù†Ø´Ø§Ù‡, Ø§ÛŒØ±Ø§Ù†
Ø¯Ù‡Ø³ØªØ§Ù† Ù†ØµØ±Ø¢Ø¨Ø§Ø¯, Ø¨Ø®Ø´ Ù…Ø±Ú©Ø²ÛŒ, Ø´Ù‡Ø±Ø³ØªØ§Ù† Ù‚ØµØ± Ø´ÛŒØ±ÛŒÙ†, Ø§Ø³ØªØ§Ù† Ú©Ø±Ù…Ø§Ù†Ø´Ø§Ù‡, Ø§ÛŒØ±Ø§Ù†
Ø¯Ù‡Ø³ØªØ§Ù† Ø¯Ø§Ù„Ú©ÛŒ, Ø¨Ø®Ø´ Ù…Ø±Ú©Ø²ÛŒ, Ø´Ù‡Ø±Ø³ØªØ§Ù† Ø¯Ø´ØªØ³ØªØ§Ù†, Ø§Ø³ØªØ§Ù† Ø¨ÙˆØ´Ù‡Ø±, Ø§ÛŒØ±Ø§Ù†
Mati, Davao Oriental, Davao Region, 8200, Philippines
æ—­å¸‚, å?ƒè‘‰çœŒ, æ—¥æœ¬
åŒ?ç‘³å¸‚, å?ƒè‘‰çœŒ, æ—¥æœ¬
Coatepeque, Quetzaltenango, 09020, Guatemala
Î†Î³Î¹Î¿Ï‚ Î”Î·Î¼Î®Ï„Ï?Î¹Î¿Ï‚, Î”Î·Î¼Î¿Ï„Î¹ÎºÎ® Î•Î½ÏŒÏ„Î·Ï„Î± Î Î±Î»Î¹ÎºÎ®Ï‚, Î”Î®Î¼Î¿Ï‚ Î›Î·Î¾Î¿Ï…Ï?Î¯Î¿Ï…, Î ÎµÏ?Î¹Ï†ÎµÏ?ÎµÎ¹Î±ÎºÎ® Î•Î½ÏŒÏ„Î·Ï„Î± ÎšÎµÏ†Î±Î»Î»Î·Î½Î¯Î±Ï‚, Î ÎµÏ?Î¹Ï†Î­Ï?ÎµÎ¹Î± Î™Î¿Î½Î¯Ï‰Î½ Î?Î®ÏƒÏ‰Î½, Î‘Ï€Î¿ÎºÎµÎ½Ï„Ï?Ï‰Î¼Î­Î½Î· Î”Î¹Î¿Î¯ÎºÎ·ÏƒÎ· Î ÎµÎ»Î¿Ï€Î¿Î½Î½Î®ÏƒÎ¿Ï…, Î”Ï…Ï„Î¹ÎºÎ®Ï‚ Î•Î»Î»Î¬Î´Î±Ï‚ ÎºÎ±Î¹ Î™Î¿Î½Î¯Î¿Ï…, 282 00, Î•Î»Î»Î¬Ï‚
Î”Î·Î¼Î¿Ï„Î¹ÎºÎ® Î•Î½ÏŒÏ„Î·Ï„Î± Î Ï…Î»Î±Ï?Î­Ï‰Î½, Î”Î®Î¼Î¿Ï‚ Î£Î¬Î¼Î·Ï‚, Î ÎµÏ?Î¹Ï†ÎµÏ?ÎµÎ¹Î±ÎºÎ® Î•Î½ÏŒÏ„Î·Ï„Î± ÎšÎµÏ†Î±Î»Î»Î·Î½Î¯Î±Ï‚, Î ÎµÏ?Î¹Ï†Î­Ï?ÎµÎ¹Î± Î™Î¿Î½Î¯Ï‰Î½ Î?Î®ÏƒÏ‰Î½, Î‘Ï€Î¿ÎºÎµÎ½Ï„Ï?Ï‰Î¼Î­Î½Î· Î”Î¹Î¿Î¯ÎºÎ·ÏƒÎ· Î ÎµÎ»Î¿Ï€Î¿Î½Î½Î®ÏƒÎ¿Ï…, Î”Ï…Ï„Î¹ÎºÎ®Ï‚ Î•Î»Î»Î¬Î´Î±Ï‚ ÎºÎ±Î¹ Î™Î¿Î½Î¯Î¿Ï…, 280 81, Î•Î»Î»Î¬Ï‚
Î•Î 40, Î‘Î³Î¯Î± Î˜Î­ÎºÎ»Î·, Î”Î·Î¼Î¿Ï„Î¹ÎºÎ® Î•Î½ÏŒÏ„Î·Ï„Î± Î Î±Î»Î¹ÎºÎ®Ï‚, Î”Î®Î¼Î¿Ï‚ Î›Î·Î¾Î¿Ï…Ï?Î¯Î¿Ï…, Î ÎµÏ?Î¹Ï†ÎµÏ?ÎµÎ¹Î±ÎºÎ® Î•Î½ÏŒÏ„Î·Ï„Î± ÎšÎµÏ†Î±Î»Î»Î·Î½Î¯Î±Ï‚, Î ÎµÏ?Î¹Ï†Î­Ï?ÎµÎ¹Î± Î™Î¿Î½Î¯Ï‰Î½ Î?Î®ÏƒÏ‰Î½, Î‘Ï€Î¿ÎºÎµÎ½Ï„Ï?Ï‰Î¼Î­Î½Î· Î”Î¹Î¿Î¯ÎºÎ·ÏƒÎ· Î ÎµÎ»Î¿Ï€Î¿Î½Î½Î®ÏƒÎ¿Ï…, Î”Ï…Ï„Î¹ÎºÎ®Ï‚ Î•Î»Î»Î¬Î´Î±Ï‚ ÎºÎ±Î¹ Î™Î¿Î½Î¯Î¿Ï…, 282 00, Î•Î»Î»Î¬Ï‚
Chuquicamata SubterrÃ¡nea, Calama, Provincia de El Loa, RegiÃ³n de Antofagasta, Chile
IC-107, Pampa Blanca, El Huarangal, Yauca del Rosario, Ica, PerÃº
å¤§èˆ¹æ¸¡å¸‚, å²©æ‰‹çœŒ, 022-0102, æ—¥æœ¬
å¤§å³¶ç”º, å¤§å³¶æ”¯åº?, æ?±äº¬éƒ½, 100-0103, æ—¥æœ¬
Iquique, Provincia de Iquique, RegiÃ³n de TarapacÃ¡, Chile
ä¸‹ã‚·æ²¢, èŠ±å·»å¸‚, å²©æ‰‹çœŒ, æ—¥æœ¬
ã?„ã‚?ã??å¸‚, ç¦?å³¶çœŒ, æ—¥æœ¬
å®®å?¤å¸‚, å²©æ‰‹çœŒ, æ—¥æœ¬
è¥¿æ¨½å‰?æž—é?“, è‹«å°?ç‰§å¸‚, èƒ†æŒ¯ç·?å?ˆæŒ¯èˆˆå±€, åŒ—æµ·é?“, æ—¥æœ¬
Port Vila, Shefa, Vanuatu
Canton San Pablo de Napa, Municipio Llica, Daniel Campos, PotosÃ­, Bolivia
Alger Ø§Ù„Ø¬Ø²Ø§Ø¦Ø±, Alger Centre â´·âµ£â´°âµ¢â´»âµ” âµœâ´°âµ?â´»âµŽâµŽâ´°âµ™âµœ Ø§Ù„Ø¬Ø²Ø§Ø¦Ø± Ø§Ù„ÙˆØ³Ø·Ù‰, Sidi M'Hamed, Alger Ø§Ù„Ø¬Ø²Ø§Ø¦Ø±, 16007, AlgÃ©rie / âµ?âµ£âµ£â´°âµ¢â´»âµ” / Ø§Ù„Ø¬Ø²Ø§Ø¦Ø±
æ°´ç£¨é•‡, é²?ç”¸åŽ¿, æ˜­é€šå¸‚, äº‘å?—çœ?, ä¸­å›½
Ù…ÙˆØ±Ù…ÙˆØ±ÛŒ, Ø¯Ù‡Ø³ØªØ§Ù† Ù…ÙˆØ±Ù…ÙˆØ±ÛŒ, Ø¨Ø®Ø´ Ú©Ù„Ø§Øª, Ø´Ù‡Ø±Ø³ØªØ§Ù† Ø¢Ø¨Ø¯Ø§Ù†Ø§Ù†, Ø§Ø³ØªØ§Ù† Ø§ÛŒÙ„Ø§Ù…, Ø§ÛŒØ±Ø§Ù†
Ù…ÙˆØ±Ù…ÙˆØ±ÛŒ, Ø¯Ù‡Ø³ØªØ§Ù† Ù…ÙˆØ±Ù…ÙˆØ±ÛŒ, Ø¨Ø®Ø´ Ú©Ù„Ø§Øª, Ø´Ù‡Ø±Ø³ØªØ§Ù† Ø¢Ø¨Ø¯Ø§Ù†Ø§Ù†, Ø§Ø³ØªØ§Ù† Ø§ÛŒÙ„Ø§Ù…, Ø§ÛŒØ±Ø§Ù†
Ø¯Ù‡Ø³ØªØ§Ù† Ø¯Ø´Øª Ø¹Ø¨Ø§Ø³, Ø¨Ø®Ø´ Ù…ÙˆØ³ÛŒØ§Ù†, Ø´Ù‡Ø±Ø³ØªØ§Ù† Ø¯Ù‡Ù„Ø±Ø§Ù†, Ø§Ø³ØªØ§Ù† Ø§ÛŒÙ„Ø§Ù…, Ø§ÛŒØ±Ø§Ù†
Ø¯Ù‡Ø³ØªØ§Ù† Ù…ÙˆØ±Ù…ÙˆØ±ÛŒ, Ø¨Ø®Ø´ Ú©Ù„Ø§Øª, Ø´Ù‡Ø±Ø³ØªØ§Ù† Ø¢Ø¨Ø¯Ø§Ù†Ø§Ù†, Ø§Ø³ØªØ§Ù† Ø§ÛŒÙ„Ø§Ù…, Ø§ÛŒØ±Ø§Ù†
Mariano NicolÃ¡s ValcÃ¡rcel, CamanÃ¡, Arequipa, PerÃº
å¯ºä¹…, å?‚æ?±å¸‚, èŒ¨åŸŽçœŒ, 306-0645, æ—¥æœ¬
æ™¯è°·å‚£æ—?å½?æ—?è‡ªæ²»åŽ¿, æ™®æ´±å¸‚, äº‘å?—çœ?, 665000, ä¸­å›½
Ø¯Ù‡Ø³ØªØ§Ù† Ù…ÙˆØ±Ù…ÙˆØ±ÛŒ, Ø¨Ø®Ø´ Ú©Ù„Ø§Øª, Ø´Ù‡Ø±Ø³ØªØ§Ù† Ø¢Ø¨Ø¯Ø§Ù†Ø§Ù†, Ø§Ø³ØªØ§Ù† Ø§ÛŒÙ„Ø§Ù…, Ø§ÛŒØ±Ø§Ù†
Raymondi, Atalaya, Ucayali, 25201, PerÃº
Calama, Provincia de El Loa, RegiÃ³n de Antofagasta, 1395584, Chile
åº·å®šå¸‚, ç”˜å­œè—?æ—?è‡ªæ²»å·ž, å››å·?çœ?, 626000, ä¸­å›½
èŽ«å¤š - ç£¨è¥¿, åº·å®šå¸‚, ç”˜å­œè—?æ—?è‡ªæ²»å·ž, å››å·?çœ?, ä¸­å›½
æ™¯è°·å‚£æ—?å½?æ—?è‡ªæ²»åŽ¿, æ™®æ´±å¸‚, äº‘å?—çœ?, 665000, ä¸­å›½
æ™¯è°·å‚£æ—?å½?æ—?è‡ªæ²»åŽ¿, æ™®æ´±å¸‚, äº‘å?—çœ?, 665000, ä¸­å›½
Calama, Provincia de El Loa, RegiÃ³n de Antofagasta, 1395584, Chile
ä¹…æ…ˆå¸‚, å²©æ‰‹çœŒ, 028-0041, æ—¥æœ¬
Calama, Provincia de El Loa, RegiÃ³n de Antofagasta, 1395584, Chile
Ghyachok, Ghyalchok, Ajirkot, à¤—à¥‹à¤°à¤–à¤¾, Gandaki Pradesh, à¤¨à¥‡à¤ªà¤¾à¤²
Dhulikhel, à¤•à¤¾à¤­à¥?à¤°à¥‡à¤ªà¤²à¤¾à¤žà¥?à¤šà¥‹à¤•, Bagmati Pradesh, 45210, à¤¨à¥‡à¤ªà¤¾à¤²
Bhimsen Ma V, 23DR015, Chyandanda, Golche, Baramchi, Jugal, à¤¸à¤¿à¤¨à¥?à¤§à¥?à¤ªà¤¾à¤²à¥?à¤šà¥‹à¤•, Bagmati Pradesh, à¤¨à¥‡à¤ªà¤¾à¤²
æ›²å½“ä¹¡, å®šæ—¥åŽ¿, æ—¥å–€åˆ™å¸‚, è¥¿è—?è‡ªæ²»åŒº - à½–à½¼à½‘à¼‹à½¢à½„à¼‹à½¦à¾?à¾±à½¼à½„à¼‹à½£à¾—à½¼à½„à½¦à¼?, ä¸­å›½
å…«ä¸ˆæ”¯åº?, æ?±äº¬éƒ½, æ—¥æœ¬
Bhumisthangau, Kalingchok, Kalinchok, à¤¦à¥‹à¤²à¤–à¤¾, Bagmati Pradesh, 45510, à¤¨à¥‡à¤ªà¤¾à¤²
Jhyaku, Gaurishankar, à¤¦à¥‹à¤²à¤–à¤¾, Bagmati Pradesh, à¤¨à¥‡à¤ªà¤¾à¤²
Mirge, Baiteshwor, à¤¦à¥‹à¤²à¤–à¤¾, Bagmati Pradesh, à¤¨à¥‡à¤ªà¤¾à¤²
å¤§èˆ¹æ¸¡å¸‚, å²©æ‰‹çœŒ, æ—¥æœ¬
22DR013, Ghang Sukathokar, Melung, à¤¦à¥‹à¤²à¤–à¤¾, Bagmati Pradesh, à¤¨à¥‡à¤ªà¤¾à¤²
Calama, Provincia de El Loa, RegiÃ³n de Antofagasta, 1395584, Chile
Calama, Provincia de El Loa, RegiÃ³n de Antofagasta, 1395584, Chile
Ù…Ø¯ÙŠÙ†Ù‡ Ù†ÙˆÙŠØ¨Ø¹, Ù†ÙˆÙŠØ¨Ø¹, Ø¬Ù†ÙˆØ¨ Ø³ÙŠÙ†Ø§Ø¡, 46618, Ù…ØµØ±
è‡¼æ?µå¸‚, å¤§åˆ†çœŒ, æ—¥æœ¬
Cirilo Guainora, Distrito CÃ©maco, EmberÃ¡-Wounaan, PanamÃ¡
El ArrayÃ¡n, La Serena, Provincia de Elqui, RegiÃ³n de Coquimbo, Chile
Ovalle, Provincia de LimarÃ­, RegiÃ³n de Coquimbo, Chile
Camino Maitencillo, Maitencillo Sur, Ovalle, Provincia de LimarÃ­, RegiÃ³n de Coquimbo, Chile
Mantos de Hornillos Norte, Ovalle, Provincia de LimarÃ­, RegiÃ³n de Coquimbo, Chile
El Tangue, Coquimbo, Provincia de Elqui, RegiÃ³n de Coquimbo, Chile
Coquimbo, Provincia de Elqui, RegiÃ³n de Coquimbo, Chile
Ovalle, Provincia de LimarÃ­, RegiÃ³n de Coquimbo, Chile
Ruta D-645, El Espinal de Chalinga, Ovalle, Provincia de LimarÃ­, RegiÃ³n de Coquimbo, Chile
Municipio Catacora, Provincia General JosÃ© Manuel Pando, La Paz, Bolivia
ÎœÎ±Î½Î¬ÏƒÎ·, Îš. Î?Î¹ÎºÎ¿Î»Î®, Î”Î·Î¼Î¿Ï„Î¹ÎºÎ® Î•Î½ÏŒÏ„Î·Ï„Î± Î‘Ï€Î¿Î»Î»Ï‰Î½Î¯Ï‰Î½, Î”Î®Î¼Î¿Ï‚ Î›ÎµÏ…ÎºÎ¬Î´Î±Ï‚, Î ÎµÏ?Î¹Ï†ÎµÏ?ÎµÎ¹Î±ÎºÎ® Î•Î½ÏŒÏ„Î·Ï„Î± Î›ÎµÏ…ÎºÎ¬Î´Î±Ï‚, Î ÎµÏ?Î¹Ï†Î­Ï?ÎµÎ¹Î± Î™Î¿Î½Î¯Ï‰Î½ Î?Î®ÏƒÏ‰Î½, Î‘Ï€Î¿ÎºÎµÎ½Ï„Ï?Ï‰Î¼Î­Î½Î· Î”Î¹Î¿Î¯ÎºÎ·ÏƒÎ· Î ÎµÎ»Î¿Ï€Î¿Î½Î½Î®ÏƒÎ¿Ï…, Î”Ï…Ï„Î¹ÎºÎ®Ï‚ Î•Î»Î»Î¬Î´Î±Ï‚ ÎºÎ±Î¹ Î™Î¿Î½Î¯Î¿Ï…, 310 82, Î•Î»Î»Î¬Ï‚
PurÃºs, Ucayali, PerÃº
Trapiche, Ovalle, Provincia de LimarÃ­, RegiÃ³n de Coquimbo, Chile
Ovalle, Provincia de LimarÃ­, RegiÃ³n de Coquimbo, Chile
Camino RN9-Urundaiti-Charagua, Eity del Gran Kaipipendi, Municipio GutiÃ©rrez, Provincia Cordillera, Santa Cruz, Bolivia
å»£æž—é‡Œ, ç¾Žæ¿ƒå?€, é«˜é›„å¸‚, 843, è‡ºç?£
Ruta D-540, Lorenzo Peralta de Punilla, Ovalle, Provincia de LimarÃ­, RegiÃ³n de Coquimbo, Chile
ç?´å¹³å›£åœ°, ä¸­å¤®åŒº, ç†Šæœ¬å¸‚, ç†Šæœ¬çœŒ, 860-8601, æ—¥æœ¬
åŸŽå?—ç”ºé˜¿é«˜, å?—åŒº, ç†Šæœ¬å¸‚, ç†Šæœ¬çœŒ, 860-8601, æ—¥æœ¬
éŒ¦ã‚±ä¸˜, æ?±åŒº, ç†Šæœ¬å¸‚, ç†Šæœ¬çœŒ, 860-8601, æ—¥æœ¬
ä½?å?‰ç†Šæœ¬ç·š, æ³—æ°´ç”ºæ°¸, è?Šæ± å¸‚, ç†Šæœ¬çœŒ, æ—¥æœ¬
é˜¿è˜‡å¸‚, ç†Šæœ¬çœŒ, æ—¥æœ¬
é˜¿è˜‡å¸‚, ç†Šæœ¬çœŒ, æ—¥æœ¬
San Antonio de Chipa, San Francisco, Muisne, Esmeraldas, Ecuador
Cahuapanas, Datem del MaraÃ±Ã³n, Loreto, PerÃº
å°?ç¬ åŽŸæ?‘, å°?ç¬ åŽŸæ”¯åº?, æ?±äº¬éƒ½, 100-2101, æ—¥æœ¬
åºƒåŸŸåŸºå¹¹æž—é?“ å††è°·åºƒç€¬ç·š, å€‰å?‰å¸‚, é³¥å?–çœŒ, 682-0411, æ—¥æœ¬
CuricÃ³, Provincia de CuricÃ³, RegiÃ³n del Maule, Chile
çŸ³å·»å¸‚, å®®åŸŽçœŒ, æ—¥æœ¬
Canterbury, New Zealand/Aotearoa
Ngulu, Yap, Micronesia
